{
	"credit": "Made with Blockbench",
	"parent": "block/block",
	"elements": [
		{
			"name": "lit",
			"from": [5, 0, 0],
			"to": [11, 1, 16],
			"faces": {
				"north": {"uv": [0, 15, 6, 16], "texture": "#5"},
				"south": {"uv": [10, 15, 16, 16], "texture": "#5"},
				"up": {"uv": [0, 8, 16, 14], "rotation": 90, "texture": "#5"},
				"down": {"uv": [0, 8, 16, 14], "rotation": 90, "texture": "#3"}
			}
		},
		{
			"name": "fire",
			"from": [0.8, 1, 8],
			"to": [15.2, 17, 8],
			"shade": false,
			"rotation": {"angle": 45, "axis": "y", "origin": [8, 8, 8], "rescale": true},
			"faces": {
				"north": {"uv": [0, 0, 16, 16], "texture": "#4"},
				"south": {"uv": [0, 0, 16, 16], "texture": "#4"}
			}
		},
		{
			"name": "fire",
			"from": [8, 1, 0.8],
			"to": [8, 17, 15.2],
			"shade": false,
			"rotation": {"angle": 45, "axis": "y", "origin": [8, 8, 8], "rescale": true},
			"faces": {
				"east": {"uv": [0, 0, 16, 16], "texture": "#4"},
				"west": {"uv": [0, 0, 16, 16], "texture": "#4"}
			}
		},
		{
			"name": "log",
			"from": [0, 3, 1],
			"to": [16, 7, 5],
			"rotation": {"angle": 0, "axis": "y", "origin": [0, 0, 16]},
			"faces": {
				"north": {"uv": [0, 0, 16, 4], "texture": "#5"},
				"south": {"uv": [16, 0, 0, 4], "texture": "#5"},
				"down": {"uv": [0, 4, 16, 8], "texture": "#5"}
			}
		},
		{
			"name": "log",
			"from": [0, 3, 1],
			"to": [16, 7, 5],
			"rotation": {"angle": 0, "axis": "y", "origin": [0, 0, 16]},
			"faces": {
				"north": {"uv": [0, 8, 16, 12], "texture": "#6"},
				"east": {"uv": [0, 0, 16, 16], "texture": "#1"},
				"south": {"uv": [16, 4, 0, 0], "texture": "#6"},
				"west": {"uv": [0, 0, 16, 16], "texture": "#1"},
				"up": {"uv": [0, 0, 16, 4], "rotation": 180, "texture": "#0"},
				"down": {"uv": [16, 8, 0, 4], "texture": "#6"}
			}
		},
		{
			"name": "log",
			"from": [0, 3, 11],
			"to": [16, 7, 15],
			"rotation": {"angle": 0, "axis": "y", "origin": [8, 0, 8]},
			"faces": {
				"north": {"uv": [16, 0, 0, 4], "texture": "#5"},
				"south": {"uv": [0, 0, 16, 4], "texture": "#5"},
				"down": {"uv": [0, 4, 16, 8], "rotation": 180, "texture": "#5"}
			}
		},
		{
			"name": "log",
			"from": [0, 3, 11],
			"to": [16, 7, 15],
			"rotation": {"angle": 0, "axis": "y", "origin": [8, 0, 8]},
			"faces": {
				"north": {"uv": [16, 4, 0, 0], "texture": "#6"},
				"east": {"uv": [0, 0, 16, 16], "texture": "#1"},
				"south": {"uv": [0, 8, 16, 12], "texture": "#6"},
				"west": {"uv": [0, 0, 16, 16], "texture": "#1"},
				"up": {"uv": [0, 0, 16, 4], "texture": "#0"},
				"down": {"uv": [16, 8, 0, 4], "rotation": 180, "texture": "#6"}
			}
		},
		{
			"name": "log",
			"from": [11, 0, 0.5],
			"to": [11, 4, 15.5],
			"rotation": {"angle": 0, "axis": "y", "origin": [8, 5, 8]},
			"faces": {
				"west": {"uv": [15.5, 1, 0.5, 5], "texture": "#5"}
			}
		},
		{
			"name": "log",
			"from": [11, 0, 0],
			"to": [15, 4, 16],
			"rotation": {"angle": 0, "axis": "y", "origin": [8, -3, 8]},
			"faces": {
				"north": {"uv": [0, 0, 16, 16], "texture": "#1"},
				"east": {"uv": [0, 4, 16, 8], "texture": "#0"},
				"south": {"uv": [0, 0, 16, 16], "texture": "#1"},
				"west": {"uv": [16, 16, 0, 12], "texture": "#6"},
				"up": {"uv": [0, 0, 16, 4], "rotation": 270, "texture": "#0"},
				"down": {"uv": [16, 12, 0, 8], "rotation": 270, "texture": "#0"}
			}
		},
		{
			"name": "log",
			"from": [5, 0, 0.5],
			"to": [5, 4, 15.5],
			"rotation": {"angle": 0, "axis": "y", "origin": [8, 0, 8]},
			"faces": {
				"east": {"uv": [15.5, 1, 0.5, 5], "texture": "#5"}
			}
		},
		{
			"name": "log",
			"from": [1, 0, 0],
			"to": [5, 4, 16],
			"rotation": {"angle": 0, "axis": "y", "origin": [8, 0, 8]},
			"faces": {
				"north": {"uv": [0, 0, 16, 16], "texture": "#1"},
				"east": {"uv": [16, 16, 0, 12], "texture": "#6"},
				"south": {"uv": [0, 0, 16, 16], "texture": "#1"},
				"west": {"uv": [0, 4, 16, 8], "texture": "#0"},
				"up": {"uv": [0, 0, 16, 4], "rotation": 90, "texture": "#0"},
				"down": {"uv": [16, 12, 0, 8], "rotation": 90, "texture": "#0"}
			}
		}
	],
	"display": {
		"head": {
			"translation": [0, 10.5, 0]
		}
	},
	"groups": [
		0,
		1,
		2,
		{
			"name": "log1",
			"origin": [0, 0, 0],
			"color": 0,
			"children": [3, 4]
		},
		{
			"name": "log2",
			"origin": [0, 0, 0],
			"color": 0,
			"children": [5, 6]
		},
		{
			"name": "log3",
			"origin": [0, 0, 0],
			"color": 0,
			"children": [7, 8]
		},
		{
			"name": "log4",
			"origin": [0, 0, 0],
			"color": 0,
			"children": [9, 10]
		}
	]
}