{
	"credit": "Made with Blockbench",
	"parent": "block/block",
	"elements": [
		{
			"name": "lit",
			"from": [5, 0, 0],
			"to": [11, 1, 16],
			"faces": {
				"north": {"uv": [0, 15, 6, 16], "texture": "#3"},
				"south": {"uv": [10, 15, 16, 16], "texture": "#3"},
				"up": {"uv": [0, 8, 16, 14], "rotation": 90, "texture": "#3"},
				"down": {"uv": [0, 8, 16, 14], "rotation": 90, "texture": "#3"}
			}
		},
		{
			"name": "log1",
			"from": [0, 3, 1],
			"to": [16, 7, 5],
			"rotation": {"angle": 0, "axis": "y", "origin": [0, 0, 16]},
			"faces": {
				"north": {"uv": [0, 4, 16, 8], "texture": "#0"},
				"east": {"uv": [0, 0, 16, 16], "texture": "#1"},
				"south": {"uv": [16, 16, 0, 12], "texture": "#0"},
				"west": {"uv": [0, 0, 16, 16], "texture": "#1"},
				"up": {"uv": [0, 0, 16, 4], "rotation": 180, "texture": "#0"},
				"down": {"uv": [16, 12, 0, 8], "texture": "#0"}
			}
		},
		{
			"name": "log2",
			"from": [11, 0, 0],
			"to": [15, 4, 16],
			"rotation": {"angle": 0, "axis": "y", "origin": [8, -3, 8]},
			"faces": {
				"north": {"uv": [0, 0, 16, 16], "texture": "#1"},
				"east": {"uv": [0, 4, 16, 8], "texture": "#0"},
				"south": {"uv": [0, 0, 16, 16], "texture": "#1"},
				"west": {"uv": [16, 16, 0, 12], "texture": "#0"},
				"up": {"uv": [0, 0, 16, 4], "rotation": 270, "texture": "#0"},
				"down": {"uv": [16, 12, 0, 8], "rotation": 270, "texture": "#0"}
			}
		},
		{
			"name": "log3",
			"from": [0, 3, 11],
			"to": [16, 7, 15],
			"rotation": {"angle": 0, "axis": "y", "origin": [8, 0, 8]},
			"faces": {
				"north": {"uv": [16, 16, 0, 12], "texture": "#0"},
				"east": {"uv": [0, 0, 16, 16], "texture": "#1"},
				"south": {"uv": [0, 4, 16, 8], "texture": "#0"},
				"west": {"uv": [0, 0, 16, 16], "texture": "#1"},
				"up": {"uv": [0, 0, 16, 4], "texture": "#0"},
				"down": {"uv": [16, 12, 0, 8], "rotation": 180, "texture": "#0"}
			}
		},
		{
			"name": "log4",
			"from": [1, 0, 0],
			"to": [5, 4, 16],
			"rotation": {"angle": 0, "axis": "y", "origin": [8, 0, 8]},
			"faces": {
				"north": {"uv": [0, 0, 16, 16], "texture": "#1"},
				"east": {"uv": [16, 16, 0, 12], "texture": "#0"},
				"south": {"uv": [0, 0, 16, 16], "texture": "#1"},
				"west": {"uv": [0, 4, 16, 8], "texture": "#0"},
				"up": {"uv": [0, 0, 16, 4], "rotation": 90, "texture": "#0"},
				"down": {"uv": [16, 12, 0, 8], "rotation": 90, "texture": "#0"}
			}
		}
	],
	"display": {
		"head": {
			"translation": [0, 10.5, 0]
		}
	}
}