{
	"credit": "Made with Blockbench",
	"parent": "block/block",
	"textures": {
		"0": "block/blast_furnace_front",
		"2": "block/blast_furnace_side",
		"3": "block/blast_furnace_top",
		"particle": "block/blast_furnace_front"
	},
	"elements": [
		{
			"from": [0, 0, 2],
			"to": [16, 16, 16],
			"faces": {
				"north": {"uv": [0, 0, 16, 16], "texture": "#0", "cullface": "north"},
				"east": {"uv": [0, 0, 14, 16], "texture": "#2", "cullface": "east"},
				"south": {"uv": [0, 0, 16, 16], "texture": "#2", "cullface": "south"},
				"west": {"uv": [2, 0, 16, 16], "texture": "#2", "cullface": "west"},
				"up": {"uv": [0, 2, 16, 16], "texture": "#3", "cullface": "up"},
				"down": {"uv": [0, 0, 16, 14], "texture": "#3", "cullface": "down"}
			}
		},
		{
			"from": [0, 0, 0],
			"to": [16, 5, 2],
			"faces": {
				"north": {"uv": [0, 11, 16, 16], "texture": "#0"},
				"east": {"uv": [14, 11, 16, 16], "texture": "#2"},
				"west": {"uv": [0, 11, 2, 16], "texture": "#2"},
				"up": {"uv": [0, 11, 16, 13], "texture": "#0"},
				"down": {"uv": [0, 14, 16, 16], "texture": "#3"}
			}
		},
		{
			"from": [0, 8, 0],
			"to": [16, 16, 2],
			"faces": {
				"north": {"uv": [0, 0, 16, 8], "texture": "#0"},
				"east": {"uv": [0, 0, 2, 8], "texture": "#2"},
				"west": {"uv": [0, 0, 2, 8], "texture": "#2"},
				"up": {"uv": [0, 0, 16, 2], "texture": "#3"},
				"down": {"uv": [0, 6, 16, 8], "texture": "#0"}
			}
		},
		{
			"from": [0, 5, 0],
			"to": [5, 8, 2],
			"faces": {
				"north": {"uv": [11, 8, 16, 11], "texture": "#0"},
				"east": {"uv": [11, 8, 13, 11], "texture": "#0"},
				"west": {"uv": [0, 8, 2, 11], "texture": "#2"}
			}
		},
		{
			"from": [10, 5, 0],
			"to": [16, 8, 2],
			"faces": {
				"north": {"uv": [0, 8, 6, 11], "texture": "#0"},
				"east": {"uv": [14, 8, 16, 11], "texture": "#2"},
				"west": {"uv": [4, 8, 6, 11], "texture": "#0"}
			}
		},
		{
			"from": [6, 5, 0],
			"to": [7, 8, 2],
			"faces": {
				"north": {"uv": [0, 0, 1, 3], "texture": "#0"},
				"east": {"uv": [11, 8, 13, 11], "texture": "#0"},
				"west": {"uv": [4, 8, 6, 11], "texture": "#0"}
			}
		},
		{
			"from": [8, 5, 0],
			"to": [9, 8, 2],
			"faces": {
				"north": {"uv": [0, 0, 1, 3], "texture": "#0"},
				"east": {"uv": [11, 8, 13, 11], "texture": "#0"},
				"west": {"uv": [4, 8, 6, 11], "texture": "#0"}
			}
		}
	]
}