{
	"credit": "Made with Blockbench",
	"parent": "block/block",
	"textures": {
		"0": "block/crafting_table_front",
		"1": "block/crafting_table_side",
		"2": "block/crafting_table_top",
		"3": "block/crafting_table_bottom",
		"particle": "block/crafting_table_front"
	},
	"elements": [
		{
			"from": [0, 0, 0],
			"to": [16, 16, 16],
			"faces": {
				"north": {"uv": [0, 0, 16, 16], "texture": "#0", "cullface": "north"},
				"east": {"uv": [0, 0, 16, 16], "texture": "#1", "cullface": "east"},
				"south": {"uv": [0, 0, 16, 16], "texture": "#0", "cullface": "south"},
				"west": {"uv": [0, 0, 16, 16], "texture": "#1", "cullface": "west"},
				"up": {"uv": [0, 0, 16, 16], "texture": "#2", "cullface": "up"},
				"down": {"uv": [0, 0, 16, 16], "texture": "#3", "cullface": "down"}
			}
		},
		{
			"from": [7, 0, -0.5],
			"to": [9, 14, 0.5],
			"faces": {
				"north": {"uv": [7, 2, 9, 16], "texture": "#0"},
				"east": {"uv": [7, 2, 8, 16], "texture": "#0"},
				"west": {"uv": [8, 2, 9, 16], "texture": "#0"},
				"down": {"uv": [7, 15, 9, 16], "texture": "#0"}
			}
		},
		{
			"from": [-0.5, 0, 7],
			"to": [0.5, 14, 9],
			"faces": {
				"north": {"uv": [7, 2, 8, 16], "texture": "#0"},
				"south": {"uv": [8, 2, 9, 16], "texture": "#0"},
				"west": {"uv": [7, 2, 9, 16], "texture": "#0"},
				"down": {"uv": [7, 15, 9, 16], "rotation": 90, "texture": "#0"}
			}
		},
		{
			"from": [7, 0, 15.5],
			"to": [9, 14, 16.5],
			"faces": {
				"east": {"uv": [8, 2, 9, 16], "texture": "#0"},
				"south": {"uv": [7, 2, 9, 16], "texture": "#0"},
				"west": {"uv": [7, 2, 8, 16], "texture": "#0"},
				"down": {"uv": [7, 15, 9, 16], "rotation": 180, "texture": "#0"}
			}
		},
		{
			"from": [15.5, 0, 7],
			"to": [16.5, 14, 9],
			"faces": {
				"north": {"uv": [8, 2, 9, 16], "texture": "#0"},
				"east": {"uv": [7, 2, 9, 16], "texture": "#0"},
				"south": {"uv": [7, 2, 8, 16], "texture": "#0"},
				"down": {"uv": [7, 15, 9, 16], "rotation": 270, "texture": "#0"}
			}
		},
		{
			"from": [6, 14, -0.5],
			"to": [10, 15, 0.5],
			"faces": {
				"north": {"uv": [6, 1, 10, 2], "texture": "#0"},
				"east": {"uv": [6, 1, 7, 2], "texture": "#0"},
				"west": {"uv": [9, 1, 10, 2], "texture": "#0"},
				"down": {"uv": [6, 1, 10, 2], "texture": "#0"}
			}
		},
		{
			"from": [-0.5, 14, 6],
			"to": [0.5, 15, 10],
			"faces": {
				"north": {"uv": [6, 1, 7, 2], "texture": "#0"},
				"south": {"uv": [9, 1, 10, 2], "texture": "#0"},
				"west": {"uv": [6, 1, 10, 2], "texture": "#0"},
				"down": {"uv": [6, 1, 10, 2], "rotation": 90, "texture": "#0"}
			}
		},
		{
			"from": [6, 14, 15.5],
			"to": [10, 15, 16.5],
			"faces": {
				"east": {"uv": [9, 1, 10, 2], "texture": "#0"},
				"south": {"uv": [6, 1, 10, 2], "texture": "#0"},
				"west": {"uv": [6, 1, 7, 2], "texture": "#0"},
				"down": {"uv": [6, 1, 10, 2], "rotation": 180, "texture": "#0"}
			}
		},
		{
			"from": [15.5, 14, 6],
			"to": [16.5, 15, 10],
			"faces": {
				"north": {"uv": [9, 1, 10, 2], "texture": "#0"},
				"east": {"uv": [6, 1, 10, 2], "texture": "#0"},
				"south": {"uv": [6, 1, 7, 2], "texture": "#0"},
				"down": {"uv": [6, 1, 10, 2], "rotation": 270, "texture": "#0"}
			}
		},
		{
			"from": [5, 15, -0.5],
			"to": [11, 16, 0.5],
			"faces": {
				"north": {"uv": [5, 0, 11, 1], "texture": "#0"},
				"east": {"uv": [5, 0, 6, 1], "texture": "#0"},
				"west": {"uv": [10, 0, 11, 1], "texture": "#0"},
				"up": {"uv": [5, 0, 11, 1], "texture": "#1"},
				"down": {"uv": [5, 0, 11, 1], "texture": "#0"}
			}
		},
		{
			"from": [-0.5, 15, 5],
			"to": [0.5, 16, 11],
			"faces": {
				"north": {"uv": [5, 0, 6, 1], "texture": "#0"},
				"south": {"uv": [10, 0, 11, 1], "texture": "#0"},
				"west": {"uv": [5, 0, 11, 1], "texture": "#0"},
				"up": {"uv": [5, 0, 11, 1], "rotation": 270, "texture": "#1"},
				"down": {"uv": [5, 0, 11, 1], "rotation": 90, "texture": "#0"}
			}
		},
		{
			"from": [5, 15, 15.5],
			"to": [11, 16, 16.5],
			"faces": {
				"east": {"uv": [10, 0, 11, 1], "texture": "#0"},
				"south": {"uv": [5, 0, 11, 1], "texture": "#0"},
				"west": {"uv": [5, 0, 6, 1], "texture": "#0"},
				"up": {"uv": [5, 0, 11, 1], "rotation": 180, "texture": "#1"},
				"down": {"uv": [5, 0, 11, 1], "rotation": 180, "texture": "#0"}
			}
		},
		{
			"from": [15.5, 15, 5],
			"to": [16.5, 16, 11],
			"faces": {
				"north": {"uv": [10, 0, 11, 1], "texture": "#0"},
				"east": {"uv": [5, 0, 11, 1], "texture": "#0"},
				"south": {"uv": [5, 0, 6, 1], "texture": "#0"},
				"up": {"uv": [5, 0, 11, 1], "rotation": 90, "texture": "#1"},
				"down": {"uv": [5, 0, 11, 1], "rotation": 270, "texture": "#0"}
			}
		},
		{
			"from": [2, 15.5, 2],
			"to": [14, 16.5, 14],
			"faces": {
				"north": {"uv": [2, 2, 14, 3], "texture": "#2"},
				"east": {"uv": [2, 2, 14, 3], "texture": "#2"},
				"south": {"uv": [2, 2, 14, 3], "texture": "#2"},
				"west": {"uv": [2, 2, 14, 3], "texture": "#2"},
				"up": {"uv": [2, 2, 14, 14], "texture": "#2"}
			}
		},
		{
			"from": [0, 15.5, 4],
			"to": [2, 16.5, 12],
			"faces": {
				"north": {"uv": [14, 4, 16, 5], "texture": "#2"},
				"south": {"uv": [0, 4, 2, 5], "texture": "#2"},
				"west": {"uv": [4, 0, 12, 1], "texture": "#2"},
				"up": {"uv": [0, 4, 2, 12], "texture": "#2"}
			}
		},
		{
			"from": [4, 15.5, 14],
			"to": [12, 16.5, 16],
			"faces": {
				"east": {"uv": [0, 4, 2, 5], "texture": "#2"},
				"south": {"uv": [4, 0, 12, 1], "texture": "#2"},
				"west": {"uv": [14, 4, 16, 5], "texture": "#2"},
				"up": {"uv": [0, 4, 2, 12], "rotation": 270, "texture": "#2"}
			}
		},
		{
			"from": [14, 15.5, 4],
			"to": [16, 16.5, 12],
			"faces": {
				"north": {"uv": [0, 4, 2, 5], "texture": "#2"},
				"east": {"uv": [4, 0, 12, 1], "texture": "#2"},
				"south": {"uv": [14, 4, 16, 5], "texture": "#2"},
				"up": {"uv": [0, 4, 2, 12], "rotation": 180, "texture": "#2"}
			}
		},
		{
			"from": [14, 15.5, 3],
			"to": [15, 16.5, 4],
			"faces": {
				"north": {"uv": [1, 3, 2, 4], "texture": "#2"},
				"east": {"uv": [1, 3, 2, 4], "texture": "#2"},
				"up": {"uv": [1, 3, 2, 4], "rotation": 180, "texture": "#2"}
			}
		},
		{
			"from": [1, 15.5, 12],
			"to": [2, 16.5, 13],
			"faces": {
				"south": {"uv": [1, 3, 2, 4], "texture": "#2"},
				"west": {"uv": [1, 3, 2, 4], "texture": "#2"},
				"up": {"uv": [1, 3, 2, 4], "texture": "#2"}
			}
		},
		{
			"from": [12, 15.5, 14],
			"to": [13, 16.5, 15],
			"faces": {
				"east": {"uv": [1, 3, 2, 4], "texture": "#2"},
				"south": {"uv": [1, 3, 2, 4], "texture": "#2"},
				"up": {"uv": [1, 3, 2, 4], "rotation": 270, "texture": "#2"}
			}
		},
		{
			"from": [3, 15.5, 1],
			"to": [4, 16.5, 2],
			"faces": {
				"north": {"uv": [1, 3, 2, 4], "texture": "#2"},
				"west": {"uv": [1, 3, 2, 4], "texture": "#2"},
				"up": {"uv": [1, 3, 2, 4], "rotation": 90, "texture": "#2"}
			}
		},
		{
			"from": [12, 15.5, 1],
			"to": [13, 16.5, 2],
			"faces": {
				"north": {"uv": [1, 3, 2, 4], "texture": "#2"},
				"east": {"uv": [1, 3, 2, 4], "texture": "#2"},
				"up": {"uv": [1, 3, 2, 4], "rotation": 180, "texture": "#2"}
			}
		},
		{
			"from": [3, 15.5, 14],
			"to": [4, 16.5, 15],
			"faces": {
				"south": {"uv": [1, 3, 2, 4], "texture": "#2"},
				"west": {"uv": [1, 3, 2, 4], "texture": "#2"},
				"up": {"uv": [1, 3, 2, 4], "texture": "#2"}
			}
		},
		{
			"from": [14, 15.5, 12],
			"to": [15, 16.5, 13],
			"faces": {
				"east": {"uv": [1, 3, 2, 4], "texture": "#2"},
				"south": {"uv": [1, 3, 2, 4], "texture": "#2"},
				"up": {"uv": [1, 3, 2, 4], "rotation": 270, "texture": "#2"}
			}
		},
		{
			"from": [1, 15.5, 3],
			"to": [2, 16.5, 4],
			"faces": {
				"north": {"uv": [1, 3, 2, 4], "texture": "#2"},
				"west": {"uv": [1, 3, 2, 4], "texture": "#2"},
				"up": {"uv": [1, 3, 2, 4], "rotation": 90, "texture": "#2"}
			}
		},
		{
			"from": [4, 15.5, 0],
			"to": [12, 16.5, 2],
			"faces": {
				"north": {"uv": [4, 0, 12, 1], "texture": "#2"},
				"east": {"uv": [14, 4, 16, 5], "texture": "#2"},
				"west": {"uv": [0, 4, 2, 5], "texture": "#2"},
				"up": {"uv": [0, 4, 2, 12], "rotation": 90, "texture": "#2"}
			}
		},
		{
			"from": [2, 3, -0.5],
			"to": [3, 13, 0.5],
			"faces": {
				"north": {"uv": [13, 3, 14, 13], "texture": "#0"},
				"east": {"uv": [13, 3, 14, 13], "texture": "#0"},
				"west": {"uv": [13, 3, 14, 13], "texture": "#0"},
				"up": {"uv": [13, 3, 14, 4], "texture": "#0"},
				"down": {"uv": [13, 12, 14, 13], "texture": "#0"}
			}
		},
		{
			"from": [13, 3, 15.5],
			"to": [14, 13, 16.5],
			"faces": {
				"east": {"uv": [13, 3, 14, 13], "texture": "#0"},
				"south": {"uv": [13, 3, 14, 13], "texture": "#0"},
				"west": {"uv": [13, 3, 14, 13], "texture": "#0"},
				"up": {"uv": [13, 3, 14, 4], "rotation": 180, "texture": "#0"},
				"down": {"uv": [13, 12, 14, 13], "rotation": 180, "texture": "#0"}
			}
		},
		{
			"from": [3, 5, -0.5],
			"to": [4, 11, 0.5],
			"faces": {
				"north": {"uv": [12, 5, 13, 11], "texture": "#0"},
				"east": {"uv": [12, 5, 13, 11], "texture": "#0"},
				"up": {"uv": [12, 5, 13, 6], "texture": "#0"},
				"down": {"uv": [12, 10, 13, 11], "texture": "#0"}
			}
		},
		{
			"from": [12, 5, 15.5],
			"to": [13, 11, 16.5],
			"faces": {
				"south": {"uv": [12, 5, 13, 11], "texture": "#0"},
				"west": {"uv": [12, 5, 13, 11], "texture": "#0"},
				"up": {"uv": [12, 5, 13, 6], "rotation": 180, "texture": "#0"},
				"down": {"uv": [12, 10, 13, 11], "rotation": 180, "texture": "#0"}
			}
		},
		{
			"from": [3, 12, -0.5],
			"to": [4, 13, 0.5],
			"faces": {
				"north": {"uv": [12, 3, 13, 4], "texture": "#0"},
				"up": {"uv": [12, 3, 13, 4], "texture": "#0"},
				"down": {"uv": [12, 3, 13, 4], "texture": "#0"}
			}
		},
		{
			"from": [12, 12, 15.5],
			"to": [13, 13, 16.5],
			"faces": {
				"south": {"uv": [12, 3, 13, 4], "texture": "#0"},
				"up": {"uv": [12, 3, 13, 4], "rotation": 180, "texture": "#0"},
				"down": {"uv": [12, 3, 13, 4], "rotation": 180, "texture": "#0"}
			}
		},
		{
			"from": [4, 7, -0.5],
			"to": [5, 13, 0.5],
			"faces": {
				"north": {"uv": [11, 3, 12, 9], "texture": "#0"},
				"east": {"uv": [11, 3, 12, 9], "texture": "#0"},
				"west": {"uv": [11, 3, 12, 9], "texture": "#0"},
				"up": {"uv": [11, 3, 12, 4], "texture": "#0"},
				"down": {"uv": [11, 8, 12, 9], "texture": "#0"}
			}
		},
		{
			"from": [11, 7, 15.5],
			"to": [12, 13, 16.5],
			"faces": {
				"east": {"uv": [11, 3, 12, 9], "texture": "#0"},
				"south": {"uv": [11, 3, 12, 9], "texture": "#0"},
				"west": {"uv": [11, 3, 12, 9], "texture": "#0"},
				"up": {"uv": [11, 3, 12, 4], "rotation": 180, "texture": "#0"},
				"down": {"uv": [11, 8, 12, 9], "rotation": 180, "texture": "#0"}
			}
		},
		{
			"from": [12, 5, -0.5],
			"to": [13, 11, 0.5],
			"faces": {
				"north": {"uv": [3, 5, 4, 11], "texture": "#0"},
				"east": {"uv": [3, 5, 4, 11], "texture": "#0"},
				"west": {"uv": [3, 5, 4, 11], "texture": "#0"},
				"up": {"uv": [3, 5, 4, 6], "texture": "#0"}
			}
		},
		{
			"from": [3, 5, 15.5],
			"to": [4, 11, 16.5],
			"faces": {
				"east": {"uv": [3, 5, 4, 11], "texture": "#0"},
				"south": {"uv": [3, 5, 4, 11], "texture": "#0"},
				"west": {"uv": [3, 5, 4, 11], "texture": "#0"},
				"up": {"uv": [3, 5, 4, 6], "rotation": 180, "texture": "#0"}
			}
		},
		{
			"from": [11, 5, -0.5],
			"to": [14, 7, 0.5],
			"faces": {
				"north": {"uv": [2, 9, 5, 11], "texture": "#0"},
				"east": {"uv": [2, 9, 3, 11], "texture": "#0"},
				"west": {"uv": [4, 9, 5, 11], "texture": "#0"},
				"up": {"uv": [2, 9, 5, 10], "texture": "#0"},
				"down": {"uv": [2, 10, 5, 11], "rotation": 180, "texture": "#0"}
			}
		},
		{
			"from": [2, 5, 15.5],
			"to": [5, 7, 16.5],
			"faces": {
				"east": {"uv": [4, 9, 5, 11], "texture": "#0"},
				"south": {"uv": [2, 9, 5, 11], "texture": "#0"},
				"west": {"uv": [2, 9, 3, 11], "texture": "#0"},
				"up": {"uv": [2, 9, 5, 10], "rotation": 180, "texture": "#0"},
				"down": {"uv": [2, 10, 5, 11], "texture": "#0"}
			}
		},
		{
			"from": [-0.5, 6, 3],
			"to": [0.5, 8, 4],
			"faces": {
				"north": {"uv": [3, 8, 4, 10], "texture": "#1"},
				"south": {"uv": [3, 8, 4, 10], "texture": "#1"},
				"west": {"uv": [3, 8, 4, 10], "texture": "#1"},
				"up": {"uv": [3, 8, 4, 9], "texture": "#1"},
				"down": {"uv": [3, 9, 4, 10], "texture": "#1"}
			}
		},
		{
			"from": [15.5, 6, 12],
			"to": [16.5, 8, 13],
			"faces": {
				"north": {"uv": [3, 8, 4, 10], "texture": "#1"},
				"east": {"uv": [3, 8, 4, 10], "texture": "#1"},
				"south": {"uv": [3, 8, 4, 10], "texture": "#1"},
				"up": {"uv": [3, 8, 4, 9], "rotation": 180, "texture": "#1"},
				"down": {"uv": [3, 9, 4, 10], "rotation": 180, "texture": "#1"}
			}
		},
		{
			"from": [-0.5, 6, 5],
			"to": [0.5, 8, 6],
			"faces": {
				"north": {"uv": [5, 8, 6, 10], "texture": "#1"},
				"south": {"uv": [5, 8, 6, 10], "texture": "#1"},
				"west": {"uv": [5, 8, 6, 10], "texture": "#1"},
				"up": {"uv": [5, 8, 6, 9], "texture": "#1"},
				"down": {"uv": [5, 9, 6, 10], "texture": "#1"}
			}
		},
		{
			"from": [15.5, 6, 10],
			"to": [16.5, 8, 11],
			"faces": {
				"north": {"uv": [5, 8, 6, 10], "texture": "#1"},
				"east": {"uv": [5, 8, 6, 10], "texture": "#1"},
				"south": {"uv": [5, 8, 6, 10], "texture": "#1"},
				"up": {"uv": [5, 8, 6, 9], "rotation": 180, "texture": "#1"},
				"down": {"uv": [5, 9, 6, 10], "rotation": 180, "texture": "#1"}
			}
		},
		{
			"from": [-0.5, 9, 5],
			"to": [0.5, 11, 6],
			"faces": {
				"north": {"uv": [5, 5, 6, 7], "texture": "#1"},
				"south": {"uv": [5, 5, 6, 7], "texture": "#1"},
				"west": {"uv": [5, 5, 6, 7], "texture": "#1"},
				"up": {"uv": [5, 5, 6, 6], "texture": "#1"},
				"down": {"uv": [5, 6, 6, 7], "texture": "#1"}
			}
		},
		{
			"from": [15.5, 9, 10],
			"to": [16.5, 11, 11],
			"faces": {
				"north": {"uv": [5, 5, 6, 7], "texture": "#1"},
				"east": {"uv": [5, 5, 6, 7], "texture": "#1"},
				"south": {"uv": [5, 5, 6, 7], "texture": "#1"},
				"up": {"uv": [5, 5, 6, 6], "rotation": 180, "texture": "#1"},
				"down": {"uv": [5, 6, 6, 7], "rotation": 180, "texture": "#1"}
			}
		},
		{
			"from": [-0.5, 9, 3],
			"to": [0.5, 11, 4],
			"faces": {
				"north": {"uv": [3, 5, 4, 7], "texture": "#1"},
				"south": {"uv": [3, 5, 4, 7], "texture": "#1"},
				"west": {"uv": [3, 5, 4, 7], "texture": "#1"},
				"up": {"uv": [3, 5, 4, 6], "texture": "#1"},
				"down": {"uv": [3, 6, 4, 7], "texture": "#1"}
			}
		},
		{
			"from": [15.5, 9, 12],
			"to": [16.5, 11, 13],
			"faces": {
				"north": {"uv": [3, 5, 4, 7], "texture": "#1"},
				"east": {"uv": [3, 5, 4, 7], "texture": "#1"},
				"south": {"uv": [3, 5, 4, 7], "texture": "#1"},
				"up": {"uv": [3, 5, 4, 6], "rotation": 180, "texture": "#1"},
				"down": {"uv": [3, 6, 4, 7], "rotation": 180, "texture": "#1"}
			}
		},
		{
			"from": [-0.5, 8, 4],
			"to": [0.5, 9, 5],
			"faces": {
				"north": {"uv": [4, 7, 5, 8], "texture": "#1"},
				"south": {"uv": [4, 7, 5, 8], "texture": "#1"},
				"west": {"uv": [4, 7, 5, 8], "texture": "#1"},
				"up": {"uv": [4, 7, 5, 8], "texture": "#1"},
				"down": {"uv": [4, 7, 5, 8], "texture": "#1"}
			}
		},
		{
			"from": [15.5, 8, 11],
			"to": [16.5, 9, 12],
			"faces": {
				"north": {"uv": [4, 7, 5, 8], "texture": "#1"},
				"east": {"uv": [4, 7, 5, 8], "texture": "#1"},
				"south": {"uv": [4, 7, 5, 8], "texture": "#1"},
				"up": {"uv": [4, 7, 5, 8], "rotation": 180, "texture": "#1"},
				"down": {"uv": [4, 7, 5, 8], "rotation": 180, "texture": "#1"}
			}
		}
	]
}