{
	"credit": "Made with Blockbench",
	"parent": "block/block",
	"textures": {
		"0": "gui/advancements/backgrounds/stone",
		"1": "block/diamond_ore",
		"particle": "gui/advancements/backgrounds/stone"
	},
	"elements": [
		{
			"from": [0, 0, 0],
			"to": [16, 16, 16],
			"faces": {
				"north": {"uv": [0, 0, 16, 16], "texture": "#0", "cullface": "north"},
				"east": {"uv": [0, 0, 16, 16], "texture": "#0", "cullface": "east"},
				"south": {"uv": [0, 0, 16, 16], "texture": "#0", "cullface": "south"},
				"west": {"uv": [0, 0, 16, 16], "texture": "#0", "cullface": "west"},
				"up": {"uv": [0, 0, 16, 16], "texture": "#0", "cullface": "up"},
				"down": {"uv": [0, 0, 16, 16], "texture": "#0", "cullface": "down"}
			}
		},
		{
			"from": [11, 2, -0.5],
			"to": [13, 3, 0.5],
			"faces": {
				"north": {"uv": [3, 13, 5, 14], "texture": "#1"},
				"east": {"uv": [3, 13, 4, 14], "texture": "#1"},
				"west": {"uv": [4, 13, 5, 14], "texture": "#1"},
				"up": {"uv": [3, 13, 5, 14], "rotation": 180, "texture": "#1"},
				"down": {"uv": [3, 13, 5, 14], "rotation": 180, "texture": "#1"}
			}
		},
		{
			"from": [-0.5, 2, 3],
			"to": [0.5, 3, 5],
			"faces": {
				"north": {"uv": [3, 13, 4, 14], "texture": "#1"},
				"south": {"uv": [4, 13, 5, 14], "texture": "#1"},
				"west": {"uv": [3, 13, 5, 14], "texture": "#1"},
				"up": {"uv": [3, 13, 5, 14], "rotation": 90, "texture": "#1"},
				"down": {"uv": [3, 13, 5, 14], "rotation": 270, "texture": "#1"}
			}
		},
		{
			"from": [15.5, 2, 11],
			"to": [16.5, 3, 13],
			"faces": {
				"north": {"uv": [4, 13, 5, 14], "texture": "#1"},
				"east": {"uv": [3, 13, 5, 14], "texture": "#1"},
				"south": {"uv": [3, 13, 4, 14], "texture": "#1"},
				"up": {"uv": [3, 13, 5, 14], "rotation": 270, "texture": "#1"},
				"down": {"uv": [3, 13, 5, 14], "rotation": 90, "texture": "#1"}
			}
		},
		{
			"from": [3, 2, 15.5],
			"to": [5, 3, 16.5],
			"faces": {
				"east": {"uv": [4, 13, 5, 14], "texture": "#1"},
				"south": {"uv": [3, 13, 5, 14], "texture": "#1"},
				"west": {"uv": [3, 13, 4, 14], "texture": "#1"},
				"up": {"uv": [3, 13, 5, 14], "texture": "#1"},
				"down": {"uv": [3, 13, 5, 14], "texture": "#1"}
			}
		},
		{
			"from": [3, 15.5, 13],
			"to": [5, 16.5, 14],
			"faces": {
				"north": {"uv": [3, 13, 5, 14], "rotation": 180, "texture": "#1"},
				"east": {"uv": [4, 13, 5, 14], "rotation": 90, "texture": "#1"},
				"south": {"uv": [3, 13, 5, 14], "texture": "#1"},
				"west": {"uv": [3, 13, 4, 14], "rotation": 270, "texture": "#1"},
				"up": {"uv": [3, 13, 5, 14], "texture": "#1"}
			}
		},
		{
			"from": [3, -0.5, 2],
			"to": [5, 0.5, 3],
			"faces": {
				"north": {"uv": [3, 13, 5, 14], "rotation": 180, "texture": "#1"},
				"east": {"uv": [4, 13, 5, 14], "rotation": 270, "texture": "#1"},
				"south": {"uv": [3, 13, 5, 14], "texture": "#1"},
				"west": {"uv": [3, 13, 4, 14], "rotation": 90, "texture": "#1"},
				"down": {"uv": [3, 13, 5, 14], "texture": "#1"}
			}
		},
		{
			"from": [13, 7, -0.5],
			"to": [15, 8, 0.5],
			"faces": {
				"north": {"uv": [1, 8, 3, 9], "texture": "#1"},
				"east": {"uv": [1, 8, 2, 9], "texture": "#1"},
				"west": {"uv": [2, 8, 3, 9], "texture": "#1"},
				"up": {"uv": [1, 8, 3, 9], "rotation": 180, "texture": "#1"},
				"down": {"uv": [1, 8, 3, 9], "rotation": 180, "texture": "#1"}
			}
		},
		{
			"from": [-0.5, 7, 1],
			"to": [0.5, 8, 3],
			"faces": {
				"north": {"uv": [1, 8, 2, 9], "texture": "#1"},
				"south": {"uv": [2, 8, 3, 9], "texture": "#1"},
				"west": {"uv": [1, 8, 3, 9], "texture": "#1"},
				"up": {"uv": [1, 8, 3, 9], "rotation": 90, "texture": "#1"},
				"down": {"uv": [1, 8, 3, 9], "rotation": 270, "texture": "#1"}
			}
		},
		{
			"from": [15.5, 7, 13],
			"to": [16.5, 8, 15],
			"faces": {
				"north": {"uv": [2, 8, 3, 9], "texture": "#1"},
				"east": {"uv": [1, 8, 3, 9], "texture": "#1"},
				"south": {"uv": [1, 8, 2, 9], "texture": "#1"},
				"up": {"uv": [1, 8, 3, 9], "rotation": 270, "texture": "#1"},
				"down": {"uv": [1, 8, 3, 9], "rotation": 90, "texture": "#1"}
			}
		},
		{
			"from": [1, 7, 15.5],
			"to": [3, 8, 16.5],
			"faces": {
				"east": {"uv": [2, 8, 3, 9], "texture": "#1"},
				"south": {"uv": [1, 8, 3, 9], "texture": "#1"},
				"west": {"uv": [1, 8, 2, 9], "texture": "#1"},
				"up": {"uv": [1, 8, 3, 9], "texture": "#1"},
				"down": {"uv": [1, 8, 3, 9], "texture": "#1"}
			}
		},
		{
			"from": [1, 15.5, 8],
			"to": [3, 16.5, 9],
			"faces": {
				"north": {"uv": [1, 8, 3, 9], "rotation": 180, "texture": "#1"},
				"east": {"uv": [2, 8, 3, 9], "rotation": 90, "texture": "#1"},
				"south": {"uv": [1, 8, 3, 9], "texture": "#1"},
				"west": {"uv": [1, 8, 2, 9], "rotation": 270, "texture": "#1"},
				"up": {"uv": [1, 8, 3, 9], "texture": "#1"}
			}
		},
		{
			"from": [1, -0.5, 7],
			"to": [3, 0.5, 8],
			"faces": {
				"north": {"uv": [1, 8, 3, 9], "rotation": 180, "texture": "#1"},
				"east": {"uv": [2, 8, 3, 9], "rotation": 270, "texture": "#1"},
				"south": {"uv": [1, 8, 3, 9], "texture": "#1"},
				"west": {"uv": [1, 8, 2, 9], "rotation": 90, "texture": "#1"},
				"down": {"uv": [1, 8, 3, 9], "texture": "#1"}
			}
		},
		{
			"from": [9, 10, -0.5],
			"to": [11, 11, 0.5],
			"faces": {
				"north": {"uv": [5, 5, 7, 6], "texture": "#1"},
				"east": {"uv": [5, 5, 6, 6], "texture": "#1"},
				"west": {"uv": [6, 5, 7, 6], "texture": "#1"},
				"up": {"uv": [5, 5, 7, 6], "rotation": 180, "texture": "#1"},
				"down": {"uv": [0, 0, 2, 1], "texture": "#1"}
			}
		},
		{
			"from": [-0.5, 10, 5],
			"to": [0.5, 11, 7],
			"faces": {
				"north": {"uv": [5, 5, 6, 6], "texture": "#1"},
				"south": {"uv": [6, 5, 7, 6], "texture": "#1"},
				"west": {"uv": [5, 5, 7, 6], "texture": "#1"},
				"up": {"uv": [5, 5, 7, 6], "rotation": 90, "texture": "#1"},
				"down": {"uv": [0, 0, 2, 1], "rotation": 90, "texture": "#1"}
			}
		},
		{
			"from": [15.5, 10, 9],
			"to": [16.5, 11, 11],
			"faces": {
				"north": {"uv": [6, 5, 7, 6], "texture": "#1"},
				"east": {"uv": [5, 5, 7, 6], "texture": "#1"},
				"south": {"uv": [5, 5, 6, 6], "texture": "#1"},
				"up": {"uv": [5, 5, 7, 6], "rotation": 270, "texture": "#1"},
				"down": {"uv": [0, 0, 2, 1], "rotation": 270, "texture": "#1"}
			}
		},
		{
			"from": [5, 10, 15.5],
			"to": [7, 11, 16.5],
			"faces": {
				"east": {"uv": [6, 5, 7, 6], "texture": "#1"},
				"south": {"uv": [5, 5, 7, 6], "texture": "#1"},
				"west": {"uv": [5, 5, 6, 6], "texture": "#1"},
				"up": {"uv": [5, 5, 7, 6], "texture": "#1"},
				"down": {"uv": [0, 0, 2, 1], "rotation": 180, "texture": "#1"}
			}
		},
		{
			"from": [5, 15.5, 5],
			"to": [7, 16.5, 6],
			"faces": {
				"north": {"uv": [5, 5, 7, 6], "rotation": 180, "texture": "#1"},
				"east": {"uv": [6, 5, 7, 6], "rotation": 90, "texture": "#1"},
				"south": {"uv": [0, 0, 2, 1], "rotation": 180, "texture": "#1"},
				"west": {"uv": [5, 5, 6, 6], "rotation": 270, "texture": "#1"},
				"up": {"uv": [5, 5, 7, 6], "texture": "#1"}
			}
		},
		{
			"from": [5, -0.5, 10],
			"to": [7, 0.5, 11],
			"faces": {
				"north": {"uv": [0, 0, 2, 1], "texture": "#1"},
				"east": {"uv": [6, 5, 7, 6], "rotation": 270, "texture": "#1"},
				"south": {"uv": [5, 5, 7, 6], "texture": "#1"},
				"west": {"uv": [5, 5, 6, 6], "rotation": 90, "texture": "#1"},
				"down": {"uv": [5, 5, 7, 6], "texture": "#1"}
			}
		},
		{
			"from": [6, 7, -0.5],
			"to": [8, 8, 0.5],
			"faces": {
				"north": {"uv": [8, 8, 10, 9], "texture": "#1"},
				"east": {"uv": [8, 8, 9, 9], "texture": "#1"},
				"west": {"uv": [9, 8, 10, 9], "texture": "#1"},
				"up": {"uv": [8, 8, 10, 9], "rotation": 180, "texture": "#1"},
				"down": {"uv": [0, 0, 2, 1], "texture": "#1"}
			}
		},
		{
			"from": [-0.5, 7, 8],
			"to": [0.5, 8, 10],
			"faces": {
				"north": {"uv": [8, 8, 9, 9], "texture": "#1"},
				"south": {"uv": [9, 8, 10, 9], "texture": "#1"},
				"west": {"uv": [8, 8, 10, 9], "texture": "#1"},
				"up": {"uv": [8, 8, 10, 9], "rotation": 90, "texture": "#1"},
				"down": {"uv": [0, 0, 2, 1], "rotation": 90, "texture": "#1"}
			}
		},
		{
			"from": [15.5, 7, 6],
			"to": [16.5, 8, 8],
			"faces": {
				"north": {"uv": [9, 8, 10, 9], "texture": "#1"},
				"east": {"uv": [8, 8, 10, 9], "texture": "#1"},
				"south": {"uv": [8, 8, 9, 9], "texture": "#1"},
				"up": {"uv": [8, 8, 10, 9], "rotation": 270, "texture": "#1"},
				"down": {"uv": [0, 0, 2, 1], "rotation": 270, "texture": "#1"}
			}
		},
		{
			"from": [8, 7, 15.5],
			"to": [10, 8, 16.5],
			"faces": {
				"east": {"uv": [9, 8, 10, 9], "texture": "#1"},
				"south": {"uv": [8, 8, 10, 9], "texture": "#1"},
				"west": {"uv": [8, 8, 9, 9], "texture": "#1"},
				"up": {"uv": [8, 8, 10, 9], "texture": "#1"},
				"down": {"uv": [0, 0, 2, 1], "rotation": 180, "texture": "#1"}
			}
		},
		{
			"from": [8, 15.5, 8],
			"to": [10, 16.5, 9],
			"faces": {
				"north": {"uv": [8, 8, 10, 9], "rotation": 180, "texture": "#1"},
				"east": {"uv": [9, 8, 10, 9], "rotation": 90, "texture": "#1"},
				"south": {"uv": [0, 0, 2, 1], "rotation": 180, "texture": "#1"},
				"west": {"uv": [8, 8, 9, 9], "rotation": 270, "texture": "#1"},
				"up": {"uv": [8, 8, 10, 9], "texture": "#1"}
			}
		},
		{
			"from": [8, -0.5, 7],
			"to": [10, 0.5, 8],
			"faces": {
				"north": {"uv": [0, 0, 2, 1], "texture": "#1"},
				"east": {"uv": [9, 8, 10, 9], "rotation": 270, "texture": "#1"},
				"south": {"uv": [8, 8, 10, 9], "texture": "#1"},
				"west": {"uv": [8, 8, 9, 9], "rotation": 90, "texture": "#1"},
				"down": {"uv": [8, 8, 10, 9], "texture": "#1"}
			}
		},
		{
			"from": [5, 2, -0.5],
			"to": [7, 3, 0.5],
			"faces": {
				"north": {"uv": [9, 13, 11, 14], "texture": "#1"},
				"east": {"uv": [9, 13, 10, 14], "texture": "#1"},
				"west": {"uv": [10, 13, 11, 14], "texture": "#1"},
				"up": {"uv": [0, 0, 2, 1], "texture": "#1"},
				"down": {"uv": [9, 13, 11, 14], "texture": "#1"}
			}
		},
		{
			"from": [-0.5, 2, 9],
			"to": [0.5, 3, 11],
			"faces": {
				"north": {"uv": [9, 13, 10, 14], "texture": "#1"},
				"south": {"uv": [10, 13, 11, 14], "texture": "#1"},
				"west": {"uv": [9, 13, 11, 14], "texture": "#1"},
				"up": {"uv": [0, 0, 2, 1], "rotation": 270, "texture": "#1"},
				"down": {"uv": [9, 13, 11, 14], "rotation": 90, "texture": "#1"}
			}
		},
		{
			"from": [15.5, 2, 5],
			"to": [16.5, 3, 7],
			"faces": {
				"north": {"uv": [10, 13, 11, 14], "texture": "#1"},
				"east": {"uv": [9, 13, 11, 14], "texture": "#1"},
				"south": {"uv": [9, 13, 10, 14], "texture": "#1"},
				"up": {"uv": [0, 0, 2, 1], "rotation": 90, "texture": "#1"},
				"down": {"uv": [9, 13, 11, 14], "rotation": 270, "texture": "#1"}
			}
		},
		{
			"from": [9, 2, 15.5],
			"to": [11, 3, 16.5],
			"faces": {
				"east": {"uv": [10, 13, 11, 14], "texture": "#1"},
				"south": {"uv": [9, 13, 11, 14], "texture": "#1"},
				"west": {"uv": [9, 13, 10, 14], "texture": "#1"},
				"up": {"uv": [0, 0, 2, 1], "rotation": 180, "texture": "#1"},
				"down": {"uv": [9, 13, 11, 14], "rotation": 180, "texture": "#1"}
			}
		},
		{
			"from": [9, 15.5, 13],
			"to": [11, 16.5, 14],
			"faces": {
				"north": {"uv": [0, 0, 2, 1], "texture": "#1"},
				"east": {"uv": [10, 13, 11, 14], "rotation": 90, "texture": "#1"},
				"south": {"uv": [9, 13, 11, 14], "rotation": 180, "texture": "#1"},
				"west": {"uv": [9, 13, 10, 14], "rotation": 270, "texture": "#1"},
				"up": {"uv": [9, 13, 11, 14], "texture": "#1"}
			}
		},
		{
			"from": [9, -0.5, 2],
			"to": [11, 0.5, 3],
			"faces": {
				"north": {"uv": [9, 13, 11, 14], "texture": "#1"},
				"east": {"uv": [10, 13, 11, 14], "rotation": 270, "texture": "#1"},
				"south": {"uv": [0, 0, 2, 1], "rotation": 180, "texture": "#1"},
				"west": {"uv": [9, 13, 10, 14], "rotation": 90, "texture": "#1"},
				"down": {"uv": [9, 13, 11, 14], "texture": "#1"}
			}
		},
		{
			"from": [3, 4, -0.5],
			"to": [5, 5, 0.5],
			"faces": {
				"north": {"uv": [11, 11, 13, 12], "texture": "#1"},
				"east": {"uv": [11, 11, 12, 12], "texture": "#1"},
				"west": {"uv": [12, 11, 13, 12], "texture": "#1"},
				"up": {"uv": [11, 11, 13, 12], "rotation": 180, "texture": "#1"},
				"down": {"uv": [0, 0, 2, 1], "texture": "#1"}
			}
		},
		{
			"from": [-0.5, 4, 11],
			"to": [0.5, 5, 13],
			"faces": {
				"north": {"uv": [11, 11, 12, 12], "texture": "#1"},
				"south": {"uv": [12, 11, 13, 12], "texture": "#1"},
				"west": {"uv": [11, 11, 13, 12], "texture": "#1"},
				"up": {"uv": [11, 11, 13, 12], "rotation": 90, "texture": "#1"},
				"down": {"uv": [0, 0, 2, 1], "rotation": 90, "texture": "#1"}
			}
		},
		{
			"from": [15.5, 4, 3],
			"to": [16.5, 5, 5],
			"faces": {
				"north": {"uv": [12, 11, 13, 12], "texture": "#1"},
				"east": {"uv": [11, 11, 13, 12], "texture": "#1"},
				"south": {"uv": [11, 11, 12, 12], "texture": "#1"},
				"up": {"uv": [11, 11, 13, 12], "rotation": 270, "texture": "#1"},
				"down": {"uv": [0, 0, 2, 1], "rotation": 270, "texture": "#1"}
			}
		},
		{
			"from": [11, 4, 15.5],
			"to": [13, 5, 16.5],
			"faces": {
				"east": {"uv": [12, 11, 13, 12], "texture": "#1"},
				"south": {"uv": [11, 11, 13, 12], "texture": "#1"},
				"west": {"uv": [11, 11, 12, 12], "texture": "#1"},
				"up": {"uv": [11, 11, 13, 12], "texture": "#1"},
				"down": {"uv": [0, 0, 2, 1], "rotation": 180, "texture": "#1"}
			}
		},
		{
			"from": [11, 15.5, 11],
			"to": [13, 16.5, 12],
			"faces": {
				"north": {"uv": [11, 11, 13, 12], "rotation": 180, "texture": "#1"},
				"east": {"uv": [12, 11, 13, 12], "rotation": 90, "texture": "#1"},
				"south": {"uv": [0, 0, 2, 1], "rotation": 180, "texture": "#1"},
				"west": {"uv": [11, 11, 12, 12], "rotation": 270, "texture": "#1"},
				"up": {"uv": [11, 11, 13, 12], "texture": "#1"}
			}
		},
		{
			"from": [11, -0.5, 4],
			"to": [13, 0.5, 5],
			"faces": {
				"north": {"uv": [0, 0, 2, 1], "texture": "#1"},
				"east": {"uv": [12, 11, 13, 12], "rotation": 270, "texture": "#1"},
				"south": {"uv": [11, 11, 13, 12], "texture": "#1"},
				"west": {"uv": [11, 11, 12, 12], "rotation": 90, "texture": "#1"},
				"down": {"uv": [11, 11, 13, 12], "texture": "#1"}
			}
		},
		{
			"from": [2, 13, -0.5],
			"to": [4, 14, 0.5],
			"faces": {
				"north": {"uv": [12, 2, 14, 3], "texture": "#1"},
				"east": {"uv": [12, 2, 13, 3], "texture": "#1"},
				"west": {"uv": [13, 2, 14, 3], "texture": "#1"},
				"up": {"uv": [12, 2, 14, 3], "rotation": 180, "texture": "#1"},
				"down": {"uv": [12, 2, 14, 3], "rotation": 180, "texture": "#1"}
			}
		},
		{
			"from": [-0.5, 13, 12],
			"to": [0.5, 14, 14],
			"faces": {
				"north": {"uv": [12, 2, 13, 3], "texture": "#1"},
				"south": {"uv": [13, 2, 14, 3], "texture": "#1"},
				"west": {"uv": [12, 2, 14, 3], "texture": "#1"},
				"up": {"uv": [12, 2, 14, 3], "rotation": 90, "texture": "#1"},
				"down": {"uv": [12, 2, 14, 3], "rotation": 270, "texture": "#1"}
			}
		},
		{
			"from": [15.5, 13, 2],
			"to": [16.5, 14, 4],
			"faces": {
				"north": {"uv": [13, 2, 14, 3], "texture": "#1"},
				"east": {"uv": [12, 2, 14, 3], "texture": "#1"},
				"south": {"uv": [12, 2, 13, 3], "texture": "#1"},
				"up": {"uv": [12, 2, 14, 3], "rotation": 270, "texture": "#1"},
				"down": {"uv": [12, 2, 14, 3], "rotation": 90, "texture": "#1"}
			}
		},
		{
			"from": [12, 13, 15.5],
			"to": [14, 14, 16.5],
			"faces": {
				"east": {"uv": [13, 2, 14, 3], "texture": "#1"},
				"south": {"uv": [12, 2, 14, 3], "texture": "#1"},
				"west": {"uv": [12, 2, 13, 3], "texture": "#1"},
				"up": {"uv": [12, 2, 14, 3], "texture": "#1"},
				"down": {"uv": [12, 2, 14, 3], "texture": "#1"}
			}
		},
		{
			"from": [12, 15.5, 2],
			"to": [14, 16.5, 3],
			"faces": {
				"north": {"uv": [12, 2, 14, 3], "rotation": 180, "texture": "#1"},
				"east": {"uv": [13, 2, 14, 3], "rotation": 90, "texture": "#1"},
				"south": {"uv": [12, 2, 14, 3], "texture": "#1"},
				"west": {"uv": [12, 2, 13, 3], "rotation": 270, "texture": "#1"},
				"up": {"uv": [12, 2, 14, 3], "texture": "#1"}
			}
		},
		{
			"from": [12, -0.5, 13],
			"to": [14, 0.5, 14],
			"faces": {
				"north": {"uv": [12, 2, 14, 3], "rotation": 180, "texture": "#1"},
				"east": {"uv": [13, 2, 14, 3], "rotation": 270, "texture": "#1"},
				"south": {"uv": [12, 2, 14, 3], "texture": "#1"},
				"west": {"uv": [12, 2, 13, 3], "rotation": 90, "texture": "#1"},
				"down": {"uv": [12, 2, 14, 3], "texture": "#1"}
			}
		},
		{
			"from": [7, 12, -0.5],
			"to": [9, 13, 0.5],
			"faces": {
				"north": {"uv": [7, 3, 9, 4], "texture": "#1"},
				"east": {"uv": [7, 3, 8, 4], "texture": "#1"},
				"west": {"uv": [8, 3, 9, 4], "texture": "#1"},
				"up": {"uv": [7, 3, 9, 4], "rotation": 180, "texture": "#1"},
				"down": {"uv": [7, 3, 9, 4], "rotation": 180, "texture": "#1"}
			}
		},
		{
			"from": [-0.5, 12, 7],
			"to": [0.5, 13, 9],
			"faces": {
				"north": {"uv": [7, 3, 8, 4], "texture": "#1"},
				"south": {"uv": [8, 3, 9, 4], "texture": "#1"},
				"west": {"uv": [7, 3, 9, 4], "texture": "#1"},
				"up": {"uv": [7, 3, 9, 4], "rotation": 90, "texture": "#1"},
				"down": {"uv": [7, 3, 9, 4], "rotation": 270, "texture": "#1"}
			}
		},
		{
			"from": [15.5, 12, 7],
			"to": [16.5, 13, 9],
			"faces": {
				"north": {"uv": [8, 3, 9, 4], "texture": "#1"},
				"east": {"uv": [7, 3, 9, 4], "texture": "#1"},
				"south": {"uv": [7, 3, 8, 4], "texture": "#1"},
				"up": {"uv": [7, 3, 9, 4], "rotation": 270, "texture": "#1"},
				"down": {"uv": [7, 3, 9, 4], "rotation": 90, "texture": "#1"}
			}
		},
		{
			"from": [7, 12, 15.5],
			"to": [9, 13, 16.5],
			"faces": {
				"east": {"uv": [8, 3, 9, 4], "texture": "#1"},
				"south": {"uv": [7, 3, 9, 4], "texture": "#1"},
				"west": {"uv": [7, 3, 8, 4], "texture": "#1"},
				"up": {"uv": [7, 3, 9, 4], "texture": "#1"},
				"down": {"uv": [7, 3, 9, 4], "texture": "#1"}
			}
		},
		{
			"from": [7, 15.5, 3],
			"to": [9, 16.5, 4],
			"faces": {
				"north": {"uv": [7, 3, 9, 4], "rotation": 180, "texture": "#1"},
				"east": {"uv": [8, 3, 9, 4], "rotation": 90, "texture": "#1"},
				"south": {"uv": [7, 3, 9, 4], "texture": "#1"},
				"west": {"uv": [7, 3, 8, 4], "rotation": 270, "texture": "#1"},
				"up": {"uv": [7, 3, 9, 4], "texture": "#1"}
			}
		},
		{
			"from": [7, -0.5, 12],
			"to": [9, 0.5, 13],
			"faces": {
				"north": {"uv": [7, 3, 9, 4], "rotation": 180, "texture": "#1"},
				"east": {"uv": [8, 3, 9, 4], "rotation": 270, "texture": "#1"},
				"south": {"uv": [7, 3, 9, 4], "texture": "#1"},
				"west": {"uv": [7, 3, 8, 4], "rotation": 90, "texture": "#1"},
				"down": {"uv": [7, 3, 9, 4], "texture": "#1"}
			}
		},
		{
			"from": [11, 13, -0.5],
			"to": [12, 14, 0.5],
			"faces": {
				"north": {"uv": [4, 2, 5, 3], "texture": "#1"},
				"east": {"uv": [4, 2, 5, 3], "texture": "#1"},
				"west": {"uv": [4, 2, 5, 3], "texture": "#1"},
				"up": {"uv": [4, 2, 5, 3], "texture": "#1"},
				"down": {"uv": [4, 2, 5, 3], "texture": "#1"}
			}
		},
		{
			"from": [-0.5, 13, 4],
			"to": [0.5, 14, 5],
			"faces": {
				"north": {"uv": [4, 2, 5, 3], "texture": "#1"},
				"south": {"uv": [4, 2, 5, 3], "texture": "#1"},
				"west": {"uv": [4, 2, 5, 3], "texture": "#1"},
				"up": {"uv": [4, 2, 5, 3], "rotation": 270, "texture": "#1"},
				"down": {"uv": [4, 2, 5, 3], "rotation": 90, "texture": "#1"}
			}
		},
		{
			"from": [15.5, 13, 11],
			"to": [16.5, 14, 12],
			"faces": {
				"north": {"uv": [4, 2, 5, 3], "texture": "#1"},
				"east": {"uv": [4, 2, 5, 3], "texture": "#1"},
				"south": {"uv": [4, 2, 5, 3], "texture": "#1"},
				"up": {"uv": [4, 2, 5, 3], "rotation": 90, "texture": "#1"},
				"down": {"uv": [4, 2, 5, 3], "rotation": 270, "texture": "#1"}
			}
		},
		{
			"from": [4, 13, 15.5],
			"to": [5, 14, 16.5],
			"faces": {
				"east": {"uv": [4, 2, 5, 3], "texture": "#1"},
				"south": {"uv": [4, 2, 5, 3], "texture": "#1"},
				"west": {"uv": [4, 2, 5, 3], "texture": "#1"},
				"up": {"uv": [4, 2, 5, 3], "rotation": 180, "texture": "#1"},
				"down": {"uv": [4, 2, 5, 3], "rotation": 180, "texture": "#1"}
			}
		},
		{
			"from": [4, 15.5, 2],
			"to": [5, 16.5, 3],
			"faces": {
				"north": {"uv": [4, 2, 5, 3], "texture": "#1"},
				"east": {"uv": [4, 2, 5, 3], "rotation": 90, "texture": "#1"},
				"south": {"uv": [4, 2, 5, 3], "rotation": 180, "texture": "#1"},
				"west": {"uv": [4, 2, 5, 3], "rotation": 270, "texture": "#1"},
				"up": {"uv": [4, 2, 5, 3], "texture": "#1"}
			}
		},
		{
			"from": [4, -0.5, 13],
			"to": [5, 0.5, 14],
			"faces": {
				"north": {"uv": [4, 2, 5, 3], "texture": "#1"},
				"east": {"uv": [4, 2, 5, 3], "rotation": 270, "texture": "#1"},
				"south": {"uv": [4, 2, 5, 3], "rotation": 180, "texture": "#1"},
				"west": {"uv": [4, 2, 5, 3], "rotation": 90, "texture": "#1"},
				"down": {"uv": [4, 2, 5, 3], "texture": "#1"}
			}
		},
		{
			"from": [11, 5, -0.5],
			"to": [12, 6, 0.5],
			"faces": {
				"north": {"uv": [4, 10, 5, 11], "texture": "#1"},
				"east": {"uv": [4, 10, 5, 11], "texture": "#1"},
				"west": {"uv": [4, 10, 5, 11], "texture": "#1"},
				"up": {"uv": [4, 10, 5, 11], "texture": "#1"},
				"down": {"uv": [4, 10, 5, 11], "texture": "#1"}
			}
		},
		{
			"from": [-0.5, 5, 4],
			"to": [0.5, 6, 5],
			"faces": {
				"north": {"uv": [4, 10, 5, 11], "texture": "#1"},
				"south": {"uv": [4, 10, 5, 11], "texture": "#1"},
				"west": {"uv": [4, 10, 5, 11], "texture": "#1"},
				"up": {"uv": [4, 10, 5, 11], "rotation": 270, "texture": "#1"},
				"down": {"uv": [4, 10, 5, 11], "rotation": 90, "texture": "#1"}
			}
		},
		{
			"from": [15.5, 5, 11],
			"to": [16.5, 6, 12],
			"faces": {
				"north": {"uv": [4, 10, 5, 11], "texture": "#1"},
				"east": {"uv": [4, 10, 5, 11], "texture": "#1"},
				"south": {"uv": [4, 10, 5, 11], "texture": "#1"},
				"up": {"uv": [4, 10, 5, 11], "rotation": 90, "texture": "#1"},
				"down": {"uv": [4, 10, 5, 11], "rotation": 270, "texture": "#1"}
			}
		},
		{
			"from": [4, 5, 15.5],
			"to": [5, 6, 16.5],
			"faces": {
				"east": {"uv": [4, 10, 5, 11], "texture": "#1"},
				"south": {"uv": [4, 10, 5, 11], "texture": "#1"},
				"west": {"uv": [4, 10, 5, 11], "texture": "#1"},
				"up": {"uv": [4, 10, 5, 11], "rotation": 180, "texture": "#1"},
				"down": {"uv": [4, 10, 5, 11], "rotation": 180, "texture": "#1"}
			}
		},
		{
			"from": [4, 15.5, 10],
			"to": [5, 16.5, 11],
			"faces": {
				"north": {"uv": [4, 10, 5, 11], "texture": "#1"},
				"east": {"uv": [4, 10, 5, 11], "rotation": 90, "texture": "#1"},
				"south": {"uv": [4, 10, 5, 11], "rotation": 180, "texture": "#1"},
				"west": {"uv": [4, 10, 5, 11], "rotation": 270, "texture": "#1"},
				"up": {"uv": [4, 10, 5, 11], "texture": "#1"}
			}
		},
		{
			"from": [4, -0.5, 5],
			"to": [5, 0.5, 6],
			"faces": {
				"north": {"uv": [4, 10, 5, 11], "texture": "#1"},
				"east": {"uv": [4, 10, 5, 11], "rotation": 270, "texture": "#1"},
				"south": {"uv": [4, 10, 5, 11], "rotation": 180, "texture": "#1"},
				"west": {"uv": [4, 10, 5, 11], "rotation": 90, "texture": "#1"},
				"down": {"uv": [4, 10, 5, 11], "texture": "#1"}
			}
		},
		{
			"from": [4, 9, -0.5],
			"to": [6, 11, 0.5],
			"faces": {
				"north": {"uv": [10, 5, 12, 7], "texture": "#1"},
				"east": {"uv": [10, 5, 11, 7], "texture": "#1"},
				"west": {"uv": [11, 5, 12, 7], "texture": "#1"},
				"up": {"uv": [8, 8, 10, 9], "rotation": 180, "texture": "#1"},
				"down": {"uv": [10, 6, 12, 7], "rotation": 180, "texture": "#1"}
			}
		},
		{
			"from": [-0.5, 9, 10],
			"to": [0.5, 11, 12],
			"faces": {
				"north": {"uv": [10, 5, 11, 7], "texture": "#1"},
				"south": {"uv": [11, 5, 12, 7], "texture": "#1"},
				"west": {"uv": [10, 5, 12, 7], "texture": "#1"},
				"up": {"uv": [8, 8, 10, 9], "rotation": 90, "texture": "#1"},
				"down": {"uv": [10, 6, 12, 7], "rotation": 270, "texture": "#1"}
			}
		},
		{
			"from": [15.5, 9, 4],
			"to": [16.5, 11, 6],
			"faces": {
				"north": {"uv": [11, 5, 12, 7], "texture": "#1"},
				"east": {"uv": [10, 5, 12, 7], "texture": "#1"},
				"south": {"uv": [10, 5, 11, 7], "texture": "#1"},
				"up": {"uv": [8, 8, 10, 9], "rotation": 270, "texture": "#1"},
				"down": {"uv": [10, 6, 12, 7], "rotation": 90, "texture": "#1"}
			}
		},
		{
			"from": [10, 9, 15.5],
			"to": [12, 11, 16.5],
			"faces": {
				"east": {"uv": [11, 5, 12, 7], "texture": "#1"},
				"south": {"uv": [10, 5, 12, 7], "texture": "#1"},
				"west": {"uv": [10, 5, 11, 7], "texture": "#1"},
				"up": {"uv": [8, 8, 10, 9], "texture": "#1"},
				"down": {"uv": [10, 6, 12, 7], "texture": "#1"}
			}
		},
		{
			"from": [10, 15.5, 5],
			"to": [12, 16.5, 7],
			"faces": {
				"north": {"uv": [8, 8, 10, 9], "rotation": 180, "texture": "#1"},
				"east": {"uv": [11, 5, 12, 7], "rotation": 90, "texture": "#1"},
				"south": {"uv": [10, 6, 12, 7], "texture": "#1"},
				"west": {"uv": [10, 5, 11, 7], "rotation": 270, "texture": "#1"},
				"up": {"uv": [10, 5, 12, 7], "texture": "#1"}
			}
		},
		{
			"from": [10, -0.5, 9],
			"to": [12, 0.5, 11],
			"faces": {
				"north": {"uv": [10, 6, 12, 7], "rotation": 180, "texture": "#1"},
				"east": {"uv": [11, 5, 12, 7], "rotation": 270, "texture": "#1"},
				"south": {"uv": [8, 8, 10, 9], "texture": "#1"},
				"west": {"uv": [10, 5, 11, 7], "rotation": 90, "texture": "#1"},
				"down": {"uv": [10, 5, 12, 7], "texture": "#1"}
			}
		},
		{
			"from": [2, 3, -0.5],
			"to": [8, 4, 0.5],
			"faces": {
				"north": {"uv": [8, 12, 14, 13], "texture": "#1"},
				"east": {"uv": [8, 12, 9, 13], "texture": "#1"},
				"west": {"uv": [13, 12, 14, 13], "texture": "#1"},
				"up": {"uv": [8, 12, 14, 13], "rotation": 180, "texture": "#1"},
				"down": {"uv": [8, 12, 14, 13], "rotation": 180, "texture": "#1"}
			}
		},
		{
			"from": [-0.5, 3, 8],
			"to": [0.5, 4, 14],
			"faces": {
				"north": {"uv": [8, 12, 9, 13], "texture": "#1"},
				"south": {"uv": [13, 12, 14, 13], "texture": "#1"},
				"west": {"uv": [8, 12, 14, 13], "texture": "#1"},
				"up": {"uv": [8, 12, 14, 13], "rotation": 90, "texture": "#1"},
				"down": {"uv": [8, 12, 14, 13], "rotation": 270, "texture": "#1"}
			}
		},
		{
			"from": [15.5, 3, 2],
			"to": [16.5, 4, 8],
			"faces": {
				"north": {"uv": [13, 12, 14, 13], "texture": "#1"},
				"east": {"uv": [8, 12, 14, 13], "texture": "#1"},
				"south": {"uv": [8, 12, 9, 13], "texture": "#1"},
				"up": {"uv": [8, 12, 14, 13], "rotation": 270, "texture": "#1"},
				"down": {"uv": [8, 12, 14, 13], "rotation": 90, "texture": "#1"}
			}
		},
		{
			"from": [8, 3, 15.5],
			"to": [14, 4, 16.5],
			"faces": {
				"east": {"uv": [13, 12, 14, 13], "texture": "#1"},
				"south": {"uv": [8, 12, 14, 13], "texture": "#1"},
				"west": {"uv": [8, 12, 9, 13], "texture": "#1"},
				"up": {"uv": [8, 12, 14, 13], "texture": "#1"},
				"down": {"uv": [8, 12, 14, 13], "texture": "#1"}
			}
		},
		{
			"from": [8, 15.5, 12],
			"to": [14, 16.5, 13],
			"faces": {
				"north": {"uv": [8, 12, 14, 13], "rotation": 180, "texture": "#1"},
				"east": {"uv": [13, 12, 14, 13], "rotation": 90, "texture": "#1"},
				"south": {"uv": [8, 12, 14, 13], "texture": "#1"},
				"west": {"uv": [8, 12, 9, 13], "rotation": 270, "texture": "#1"},
				"up": {"uv": [8, 12, 14, 13], "texture": "#1"}
			}
		},
		{
			"from": [8, -0.5, 3],
			"to": [14, 0.5, 4],
			"faces": {
				"north": {"uv": [8, 12, 14, 13], "rotation": 180, "texture": "#1"},
				"east": {"uv": [13, 12, 14, 13], "rotation": 270, "texture": "#1"},
				"south": {"uv": [8, 12, 14, 13], "texture": "#1"},
				"west": {"uv": [8, 12, 9, 13], "rotation": 90, "texture": "#1"},
				"down": {"uv": [8, 12, 14, 13], "texture": "#1"}
			}
		},
		{
			"from": [5, 6, -0.5],
			"to": [9, 7, 0.5],
			"faces": {
				"north": {"uv": [7, 9, 11, 10], "texture": "#1"},
				"east": {"uv": [7, 9, 8, 10], "texture": "#1"},
				"west": {"uv": [10, 9, 11, 10], "texture": "#1"},
				"up": {"uv": [7, 9, 11, 10], "rotation": 180, "texture": "#1"},
				"down": {"uv": [7, 9, 11, 10], "rotation": 180, "texture": "#1"}
			}
		},
		{
			"from": [-0.5, 6, 7],
			"to": [0.5, 7, 11],
			"faces": {
				"north": {"uv": [7, 9, 8, 10], "texture": "#1"},
				"south": {"uv": [10, 9, 11, 10], "texture": "#1"},
				"west": {"uv": [7, 9, 11, 10], "texture": "#1"},
				"up": {"uv": [7, 9, 11, 10], "rotation": 90, "texture": "#1"},
				"down": {"uv": [7, 9, 11, 10], "rotation": 270, "texture": "#1"}
			}
		},
		{
			"from": [15.5, 6, 5],
			"to": [16.5, 7, 9],
			"faces": {
				"north": {"uv": [10, 9, 11, 10], "texture": "#1"},
				"east": {"uv": [7, 9, 11, 10], "texture": "#1"},
				"south": {"uv": [7, 9, 8, 10], "texture": "#1"},
				"up": {"uv": [7, 9, 11, 10], "rotation": 270, "texture": "#1"},
				"down": {"uv": [7, 9, 11, 10], "rotation": 90, "texture": "#1"}
			}
		},
		{
			"from": [7, 6, 15.5],
			"to": [11, 7, 16.5],
			"faces": {
				"east": {"uv": [10, 9, 11, 10], "texture": "#1"},
				"south": {"uv": [7, 9, 11, 10], "texture": "#1"},
				"west": {"uv": [7, 9, 8, 10], "texture": "#1"},
				"up": {"uv": [7, 9, 11, 10], "texture": "#1"},
				"down": {"uv": [7, 9, 11, 10], "texture": "#1"}
			}
		},
		{
			"from": [7, 15.5, 9],
			"to": [11, 16.5, 10],
			"faces": {
				"north": {"uv": [7, 9, 11, 10], "rotation": 180, "texture": "#1"},
				"east": {"uv": [10, 9, 11, 10], "rotation": 90, "texture": "#1"},
				"south": {"uv": [7, 9, 11, 10], "texture": "#1"},
				"west": {"uv": [7, 9, 8, 10], "rotation": 270, "texture": "#1"},
				"up": {"uv": [7, 9, 11, 10], "texture": "#1"}
			}
		},
		{
			"from": [7, -0.5, 6],
			"to": [11, 0.5, 7],
			"faces": {
				"north": {"uv": [7, 9, 11, 10], "rotation": 180, "texture": "#1"},
				"east": {"uv": [10, 9, 11, 10], "rotation": 270, "texture": "#1"},
				"south": {"uv": [7, 9, 11, 10], "texture": "#1"},
				"west": {"uv": [7, 9, 8, 10], "rotation": 90, "texture": "#1"},
				"down": {"uv": [7, 9, 11, 10], "texture": "#1"}
			}
		},
		{
			"from": [8, 9, -0.5],
			"to": [13, 10, 0.5],
			"faces": {
				"north": {"uv": [3, 6, 8, 7], "texture": "#1"},
				"east": {"uv": [3, 6, 4, 7], "texture": "#1"},
				"west": {"uv": [7, 6, 8, 7], "texture": "#1"},
				"up": {"uv": [3, 6, 8, 7], "rotation": 180, "texture": "#1"},
				"down": {"uv": [3, 6, 8, 7], "rotation": 180, "texture": "#1"}
			}
		},
		{
			"from": [-0.5, 9, 3],
			"to": [0.5, 10, 8],
			"faces": {
				"north": {"uv": [3, 6, 4, 7], "texture": "#1"},
				"south": {"uv": [7, 6, 8, 7], "texture": "#1"},
				"west": {"uv": [3, 6, 8, 7], "texture": "#1"},
				"up": {"uv": [3, 6, 8, 7], "rotation": 90, "texture": "#1"},
				"down": {"uv": [3, 6, 8, 7], "rotation": 270, "texture": "#1"}
			}
		},
		{
			"from": [15.5, 9, 8],
			"to": [16.5, 10, 13],
			"faces": {
				"north": {"uv": [7, 6, 8, 7], "texture": "#1"},
				"east": {"uv": [3, 6, 8, 7], "texture": "#1"},
				"south": {"uv": [3, 6, 4, 7], "texture": "#1"},
				"up": {"uv": [3, 6, 8, 7], "rotation": 270, "texture": "#1"},
				"down": {"uv": [3, 6, 8, 7], "rotation": 90, "texture": "#1"}
			}
		},
		{
			"from": [3, 9, 15.5],
			"to": [8, 10, 16.5],
			"faces": {
				"east": {"uv": [7, 6, 8, 7], "texture": "#1"},
				"south": {"uv": [3, 6, 8, 7], "texture": "#1"},
				"west": {"uv": [3, 6, 4, 7], "texture": "#1"},
				"up": {"uv": [3, 6, 8, 7], "texture": "#1"},
				"down": {"uv": [3, 6, 8, 7], "texture": "#1"}
			}
		},
		{
			"from": [3, 15.5, 6],
			"to": [8, 16.5, 7],
			"faces": {
				"north": {"uv": [3, 6, 8, 7], "rotation": 180, "texture": "#1"},
				"east": {"uv": [7, 6, 8, 7], "rotation": 90, "texture": "#1"},
				"south": {"uv": [3, 6, 8, 7], "texture": "#1"},
				"west": {"uv": [3, 6, 4, 7], "rotation": 270, "texture": "#1"},
				"up": {"uv": [3, 6, 8, 7], "texture": "#1"}
			}
		},
		{
			"from": [3, -0.5, 9],
			"to": [8, 0.5, 10],
			"faces": {
				"north": {"uv": [3, 6, 8, 7], "rotation": 180, "texture": "#1"},
				"east": {"uv": [7, 6, 8, 7], "rotation": 270, "texture": "#1"},
				"south": {"uv": [3, 6, 8, 7], "texture": "#1"},
				"west": {"uv": [3, 6, 4, 7], "rotation": 90, "texture": "#1"},
				"down": {"uv": [3, 6, 8, 7], "texture": "#1"}
			}
		}
	]
}