{
	"credit": "Made with Blockbench",
	"parent": "block/block",
	"textures": {
		"0": "block/dropper_front",
		"1": "block/furnace_side",
		"2": "block/furnace_top",
		"particle": "block/dropper_front"
	},
	"elements": [
		{
			"from": [0, 0, 2],
			"to": [16, 16, 16],
			"faces": {
				"north": {"uv": [0, 0, 16, 16], "texture": "#0", "cullface": "north"},
				"east": {"uv": [0, 0, 14, 16], "texture": "#1", "cullface": "east"},
				"south": {"uv": [0, 0, 16, 16], "texture": "#1", "cullface": "south"},
				"west": {"uv": [2, 0, 16, 16], "texture": "#1", "cullface": "west"},
				"up": {"uv": [0, 2, 16, 16], "texture": "#2", "cullface": "up"},
				"down": {"uv": [0, 0, 16, 14], "texture": "#2", "cullface": "down"}
			}
		},
		{
			"from": [0, 0, 0],
			"to": [16, 4, 2],
			"faces": {
				"north": {"uv": [0, 12, 16, 16], "texture": "#0"},
				"east": {"uv": [14, 12, 16, 16], "texture": "#1"},
				"west": {"uv": [0, 12, 2, 16], "texture": "#1"},
				"up": {"uv": [0, 12, 16, 14], "texture": "#0"},
				"down": {"uv": [0, 14, 16, 16], "texture": "#2"}
			}
		},
		{
			"from": [11, 4, 0],
			"to": [16, 8, 2],
			"faces": {
				"north": {"uv": [0, 8, 5, 12], "texture": "#0"},
				"east": {"uv": [14, 8, 16, 12], "texture": "#1"},
				"west": {"uv": [3, 8, 5, 12], "texture": "#0"}
			}
		},
		{
			"from": [0, 4, 0],
			"to": [5, 8, 2],
			"faces": {
				"north": {"uv": [11, 8, 16, 12], "texture": "#0"},
				"east": {"uv": [11, 8, 13, 12], "texture": "#0"},
				"west": {"uv": [0, 8, 2, 12], "texture": "#1"}
			}
		},
		{
			"from": [0, 8, 0],
			"to": [16, 16, 2],
			"faces": {
				"north": {"uv": [0, 0, 16, 8], "texture": "#0"},
				"east": {"uv": [14, 0, 16, 8], "texture": "#1"},
				"west": {"uv": [0, 0, 2, 8], "texture": "#1"},
				"up": {"uv": [0, 0, 16, 2], "texture": "#2"},
				"down": {"uv": [0, 6, 16, 8], "texture": "#0"}
			}
		},
		{
			"from": [9, 4, 0],
			"to": [10, 5, 2],
			"faces": {
				"north": {"uv": [6, 11, 7, 12], "texture": "#0"},
				"west": {"uv": [5, 11, 7, 12], "texture": "#0"},
				"up": {"uv": [6, 11, 7, 13], "texture": "#0"}
			}
		},
		{
			"from": [10, 4, 0],
			"to": [11, 6, 2],
			"faces": {
				"north": {"uv": [5, 10, 6, 12], "texture": "#0"},
				"west": {"uv": [4, 10, 6, 11], "texture": "#0"},
				"up": {"uv": [5, 10, 6, 12], "texture": "#0"}
			}
		},
		{
			"from": [5, 7, 0],
			"to": [11, 8, 2],
			"faces": {
				"north": {"uv": [5, 8, 11, 9], "texture": "#0"},
				"down": {"uv": [5, 7, 11, 9], "texture": "#0"}
			}
		},
		{
			"from": [6, 4, 0],
			"to": [7, 5, 2],
			"faces": {
				"north": {"uv": [9, 11, 10, 12], "texture": "#0"},
				"east": {"uv": [9, 11, 11, 12], "texture": "#0"},
				"up": {"uv": [9, 11, 10, 13], "texture": "#0"}
			}
		},
		{
			"from": [5, 4, 0],
			"to": [6, 6, 2],
			"faces": {
				"north": {"uv": [10, 10, 11, 12], "texture": "#0"},
				"east": {"uv": [10, 10, 12, 11], "texture": "#0"},
				"up": {"uv": [10, 10, 11, 12], "texture": "#0"}
			}
		}
	]
}