{
	"credit": "Made with Blockbench",
	"parent": "block/block",
	"textures": {
		"1": "block/pumpkin_side",
		"2": "block/pumpkin_top"
	},
	"elements": [
		{
			"from": [0, 0, 0],
			"to": [16, 16, 16],
			"faces": {
				"north": {"uv": [0, 0, 16, 16], "texture": "#1", "cullface": "north"},
				"east": {"uv": [0, 0, 16, 16], "texture": "#1", "cullface": "east"},
				"south": {"uv": [0, 0, 16, 16], "texture": "#1", "cullface": "south"},
				"west": {"uv": [0, 0, 16, 16], "texture": "#1", "cullface": "west"},
				"up": {"uv": [0, 0, 16, 16], "texture": "#2", "cullface": "up"},
				"down": {"uv": [0, 0, 16, 16], "texture": "#2", "cullface": "down"}
			}
		},
		{
			"from": [5, 16, 5],
			"to": [8, 17, 8],
			"faces": {
				"north": {"uv": [5, 5, 8, 6], "rotation": 180, "texture": "#2"},
				"east": {"uv": [5, 5, 8, 6], "texture": "#2"},
				"south": {"uv": [5, 5, 8, 6], "rotation": 180, "texture": "#2"},
				"west": {"uv": [5, 5, 8, 6], "texture": "#2"},
				"up": {"uv": [5, 5, 8, 8], "texture": "#2"}
			}
		},
		{
			"from": [6, 16, 8],
			"to": [10, 17, 9],
			"faces": {
				"north": {"uv": [6, 8, 10, 9], "rotation": 180, "texture": "#2"},
				"east": {"uv": [9, 8, 10, 9], "texture": "#2"},
				"south": {"uv": [6, 8, 10, 9], "rotation": 180, "texture": "#2"},
				"west": {"uv": [6, 8, 7, 9], "texture": "#2"},
				"up": {"uv": [6, 8, 10, 9], "texture": "#2"}
			}
		},
		{
			"from": [8, 16, 6],
			"to": [9, 17, 8],
			"faces": {
				"north": {"uv": [8, 6, 9, 7], "rotation": 180, "texture": "#2"},
				"east": {"uv": [8, 6, 9, 8], "rotation": 90, "texture": "#2"},
				"up": {"uv": [8, 6, 9, 8], "texture": "#2"}
			}
		},
		{
			"from": [7, 16, 9],
			"to": [9, 17, 10],
			"faces": {
				"east": {"uv": [8, 9, 9, 10], "texture": "#2"},
				"south": {"uv": [7, 9, 9, 10], "rotation": 180, "texture": "#2"},
				"west": {"uv": [7, 9, 8, 10], "texture": "#2"},
				"up": {"uv": [7, 9, 9, 10], "texture": "#2"}
			}
		}
	]
}