{
	"credit": "Made with Blockbench",
	"ambientocclusion": false,
	"textures": {
		"slab": "block/smooth_stone",
		"top": "block/repeater",
		"particle": "block/repeater",
		"unlit": "block/redstone_torch_off"
	},
	"elements": [
		{
			"from": [0, 0, 0],
			"to": [7, 2, 16],
			"faces": {
				"north": {"uv": [9, 14, 16, 16], "texture": "#slab"},
				"east": {"uv": [0, 14, 16, 16], "texture": "#slab"},
				"south": {"uv": [0, 14, 7, 16], "texture": "#slab"},
				"west": {"uv": [0, 14, 16, 16], "texture": "#slab"},
				"up": {"uv": [0, 0, 7, 16], "texture": "#top"},
				"down": {"uv": [0, 0, 7, 16], "texture": "#slab"}
			}
		},
		{
			"from": [9, 0, 0],
			"to": [16, 2, 16],
			"faces": {
				"north": {"uv": [0, 14, 7, 16], "texture": "#slab"},
				"east": {"uv": [0, 14, 16, 16], "texture": "#slab"},
				"south": {"uv": [9, 14, 16, 16], "texture": "#slab"},
				"west": {"uv": [0, 14, 16, 16], "texture": "#slab"},
				"up": {"uv": [9, 0, 16, 16], "texture": "#top"},
				"down": {"uv": [9, 0, 16, 16], "texture": "#slab"}
			}
		},
		{
			"from": [7, 1, 6],
			"to": [9, 7, 8],
			"faces": {
				"north": {"uv": [7, 6, 9, 12], "texture": "#unlit"},
				"east": {"uv": [7, 6, 9, 12], "texture": "#unlit"},
				"south": {"uv": [7, 6, 9, 12], "texture": "#unlit"},
				"west": {"uv": [7, 6, 9, 12], "texture": "#unlit"},
				"up": {"uv": [7, 6, 9, 8], "texture": "#unlit"},
				"down": {"uv": [7, 12, 9, 14], "texture": "#unlit"}
			}
		},
		{
			"from": [7, 2, 2],
			"to": [9, 7, 4],
			"faces": {
				"north": {"uv": [7, 6, 9, 11], "texture": "#unlit"},
				"east": {"uv": [7, 6, 9, 11], "texture": "#unlit"},
				"south": {"uv": [7, 6, 9, 11], "texture": "#unlit"},
				"west": {"uv": [7, 6, 9, 11], "texture": "#unlit"},
				"up": {"uv": [7, 6, 9, 8], "texture": "#unlit"},
				"down": {"uv": [7, 13, 9, 15], "texture": "#unlit"}
			}
		},
		{
			"from": [7, 0, 14],
			"to": [9, 2, 16],
			"faces": {
				"north": {"uv": [7, 14, 9, 16], "texture": "#slab"},
				"south": {"uv": [7, 14, 9, 16], "texture": "#slab"},
				"up": {"uv": [7, 14, 9, 16], "texture": "#top"},
				"down": {"uv": [7, 14, 9, 16], "rotation": 180, "texture": "#slab"}
			}
		},
		{
			"from": [7, 0, 0],
			"to": [9, 2, 6],
			"faces": {
				"north": {"uv": [7, 14, 9, 16], "texture": "#slab"},
				"south": {"uv": [7, 14, 9, 16], "texture": "#slab"},
				"up": {"uv": [7, 0, 9, 6], "texture": "#top"},
				"down": {"uv": [7, 0, 9, 6], "rotation": 180, "texture": "#slab"}
			}
		},
		{
			"from": [7, 0, 6],
			"to": [9, 1, 14],
			"faces": {
				"up": {"uv": [7, 6, 9, 14], "texture": "#top"},
				"down": {"uv": [7, 8, 9, 14], "rotation": 180, "texture": "#slab"}
			}
		}
	]
}