{
	"credit": "Made with Blockbench",
	"parent": "block/block",
	"textures": {
		"0": "block/tnt_top",
		"2": "block/tnt_side",
		"3": "block/tnt_bottom",
		"particle": "block/tnt_top"
	},
	"elements": [
		{
			"from": [0, 0, 0],
			"to": [16, 16, 16],
			"faces": {
				"north": {"uv": [0, 0, 16, 16], "texture": "#2", "cullface": "north"},
				"east": {"uv": [0, 0, 16, 16], "texture": "#2", "cullface": "east"},
				"south": {"uv": [0, 0, 16, 16], "texture": "#2", "cullface": "south"},
				"west": {"uv": [0, 0, 16, 16], "texture": "#2", "cullface": "west"},
				"up": {"uv": [0, 0, 16, 16], "texture": "#0", "cullface": "up"},
				"down": {"uv": [0, 0, 16, 16], "texture": "#3", "cullface": "down"}
			}
		},
		{
			"from": [-0.5, 5, -0.5],
			"to": [16.5, 11, 16.5],
			"faces": {
				"north": {"uv": [0, 5, 16, 11], "texture": "#2"},
				"east": {"uv": [0, 5, 16, 11], "texture": "#2"},
				"south": {"uv": [0, 5, 16, 11], "texture": "#2"},
				"west": {"uv": [0, 5, 16, 11], "texture": "#2"},
				"up": {"uv": [0, 7, 2, 9], "texture": "#2"},
				"down": {"uv": [0, 5, 2, 7], "texture": "#2"}
			}
		},
		{
			"from": [5, 15.5, 3],
			"to": [6, 16.5, 4],
			"faces": {
				"north": {"uv": [5, 3, 6, 4], "texture": "#0"},
				"east": {"uv": [5, 3, 6, 4], "texture": "#0"},
				"south": {"uv": [5, 3, 6, 4], "texture": "#0"},
				"west": {"uv": [5, 3, 6, 4], "texture": "#0"},
				"up": {"uv": [5, 3, 6, 4], "texture": "#0"}
			}
		},
		{
			"from": [3, 15.5, 4],
			"to": [5, 16.5, 5],
			"faces": {
				"north": {"uv": [5, 3, 6, 4], "texture": "#0"},
				"east": {"uv": [5, 3, 6, 4], "texture": "#0"},
				"south": {"uv": [5, 3, 6, 4], "texture": "#0"},
				"west": {"uv": [5, 3, 6, 4], "texture": "#0"},
				"up": {"uv": [5, 3, 6, 4], "texture": "#0"}
			}
		},
		{
			"from": [7, 15.5, 2],
			"to": [9, 16.5, 3],
			"faces": {
				"north": {"uv": [5, 3, 6, 4], "texture": "#0"},
				"east": {"uv": [5, 3, 6, 4], "texture": "#0"},
				"south": {"uv": [5, 3, 6, 4], "texture": "#0"},
				"west": {"uv": [5, 3, 6, 4], "texture": "#0"},
				"up": {"uv": [5, 3, 6, 4], "texture": "#0"}
			}
		},
		{
			"from": [12, 15.5, 2],
			"to": [14, 16.5, 3],
			"faces": {
				"north": {"uv": [5, 3, 6, 4], "texture": "#0"},
				"east": {"uv": [5, 3, 6, 4], "texture": "#0"},
				"south": {"uv": [5, 3, 6, 4], "texture": "#0"},
				"west": {"uv": [5, 3, 6, 4], "texture": "#0"},
				"up": {"uv": [5, 3, 6, 4], "texture": "#0"}
			}
		},
		{
			"from": [10, 15.5, 3],
			"to": [12, 16.5, 4],
			"faces": {
				"north": {"uv": [5, 3, 6, 4], "texture": "#0"},
				"east": {"uv": [5, 3, 6, 4], "texture": "#0"},
				"south": {"uv": [5, 3, 6, 4], "texture": "#0"},
				"west": {"uv": [5, 3, 6, 4], "texture": "#0"},
				"up": {"uv": [5, 3, 6, 4], "texture": "#0"}
			}
		},
		{
			"from": [9, 15.5, 8],
			"to": [11, 16.5, 9],
			"faces": {
				"north": {"uv": [5, 3, 6, 4], "texture": "#0"},
				"east": {"uv": [5, 3, 6, 4], "texture": "#0"},
				"south": {"uv": [5, 3, 6, 4], "texture": "#0"},
				"west": {"uv": [5, 3, 6, 4], "texture": "#0"},
				"up": {"uv": [5, 3, 6, 4], "texture": "#0"}
			}
		},
		{
			"from": [8, 15.5, 12],
			"to": [10, 16.5, 13],
			"faces": {
				"north": {"uv": [5, 3, 6, 4], "texture": "#0"},
				"east": {"uv": [5, 3, 6, 4], "texture": "#0"},
				"south": {"uv": [5, 3, 6, 4], "texture": "#0"},
				"west": {"uv": [5, 3, 6, 4], "texture": "#0"},
				"up": {"uv": [5, 3, 6, 4], "texture": "#0"}
			}
		},
		{
			"from": [7, 15.5, 10],
			"to": [9, 16.5, 11],
			"faces": {
				"north": {"uv": [5, 3, 6, 4], "texture": "#0"},
				"east": {"uv": [5, 3, 6, 4], "texture": "#0"},
				"south": {"uv": [5, 3, 6, 4], "texture": "#0"},
				"west": {"uv": [5, 3, 6, 4], "texture": "#0"},
				"up": {"uv": [5, 3, 6, 4], "texture": "#0"}
			}
		},
		{
			"from": [6, 15.5, 6],
			"to": [9, 16.5, 10],
			"faces": {
				"north": {"uv": [5, 3, 6, 4], "texture": "#0"},
				"east": {"uv": [5, 3, 6, 4], "texture": "#0"},
				"south": {"uv": [5, 3, 6, 4], "texture": "#0"},
				"west": {"uv": [5, 3, 6, 4], "texture": "#0"},
				"up": {"uv": [5, 3, 6, 4], "texture": "#0"}
			}
		},
		{
			"from": [12, 15.5, 5],
			"to": [13, 16.5, 6],
			"faces": {
				"north": {"uv": [5, 3, 6, 4], "texture": "#0"},
				"east": {"uv": [5, 3, 6, 4], "texture": "#0"},
				"south": {"uv": [5, 3, 6, 4], "texture": "#0"},
				"west": {"uv": [5, 3, 6, 4], "texture": "#0"},
				"up": {"uv": [5, 3, 6, 4], "texture": "#0"}
			}
		},
		{
			"from": [11, 15.5, 4],
			"to": [12, 16.5, 5],
			"faces": {
				"north": {"uv": [5, 3, 6, 4], "texture": "#0"},
				"east": {"uv": [5, 3, 6, 4], "texture": "#0"},
				"south": {"uv": [5, 3, 6, 4], "texture": "#0"},
				"west": {"uv": [5, 3, 6, 4], "texture": "#0"},
				"up": {"uv": [5, 3, 6, 4], "texture": "#0"}
			}
		},
		{
			"from": [6, 15.5, 5],
			"to": [7, 16.5, 6],
			"faces": {
				"north": {"uv": [5, 3, 6, 4], "texture": "#0"},
				"east": {"uv": [5, 3, 6, 4], "texture": "#0"},
				"south": {"uv": [5, 3, 6, 4], "texture": "#0"},
				"west": {"uv": [5, 3, 6, 4], "texture": "#0"},
				"up": {"uv": [5, 3, 6, 4], "texture": "#0"}
			}
		},
		{
			"from": [9, 15.5, 6],
			"to": [10, 16.5, 7],
			"faces": {
				"north": {"uv": [5, 3, 6, 4], "texture": "#0"},
				"east": {"uv": [5, 3, 6, 4], "texture": "#0"},
				"south": {"uv": [5, 3, 6, 4], "texture": "#0"},
				"west": {"uv": [5, 3, 6, 4], "texture": "#0"},
				"up": {"uv": [5, 3, 6, 4], "texture": "#0"}
			}
		},
		{
			"from": [5, 15.5, 8],
			"to": [6, 16.5, 9],
			"faces": {
				"north": {"uv": [5, 3, 6, 4], "texture": "#0"},
				"east": {"uv": [5, 3, 6, 4], "texture": "#0"},
				"south": {"uv": [5, 3, 6, 4], "texture": "#0"},
				"west": {"uv": [5, 3, 6, 4], "texture": "#0"},
				"up": {"uv": [5, 3, 6, 4], "texture": "#0"}
			}
		},
		{
			"from": [4, 15.5, 9],
			"to": [5, 16.5, 10],
			"faces": {
				"north": {"uv": [5, 3, 6, 4], "texture": "#0"},
				"east": {"uv": [5, 3, 6, 4], "texture": "#0"},
				"south": {"uv": [5, 3, 6, 4], "texture": "#0"},
				"west": {"uv": [5, 3, 6, 4], "texture": "#0"},
				"up": {"uv": [5, 3, 6, 4], "texture": "#0"}
			}
		},
		{
			"from": [6, 15.5, 12],
			"to": [7, 16.5, 13],
			"faces": {
				"north": {"uv": [5, 3, 6, 4], "texture": "#0"},
				"east": {"uv": [5, 3, 6, 4], "texture": "#0"},
				"south": {"uv": [5, 3, 6, 4], "texture": "#0"},
				"west": {"uv": [5, 3, 6, 4], "texture": "#0"},
				"up": {"uv": [5, 3, 6, 4], "texture": "#0"}
			}
		},
		{
			"from": [5, 15.5, 10],
			"to": [6, 16.5, 12],
			"faces": {
				"north": {"uv": [5, 3, 6, 4], "texture": "#0"},
				"east": {"uv": [5, 3, 6, 4], "texture": "#0"},
				"south": {"uv": [5, 3, 6, 4], "texture": "#0"},
				"west": {"uv": [5, 3, 6, 4], "texture": "#0"},
				"up": {"uv": [5, 3, 6, 4], "texture": "#0"}
			}
		},
		{
			"from": [12, 15.5, 8],
			"to": [13, 16.5, 10],
			"faces": {
				"north": {"uv": [5, 3, 6, 4], "texture": "#0"},
				"east": {"uv": [5, 3, 6, 4], "texture": "#0"},
				"south": {"uv": [5, 3, 6, 4], "texture": "#0"},
				"west": {"uv": [5, 3, 6, 4], "texture": "#0"},
				"up": {"uv": [5, 3, 6, 4], "texture": "#0"}
			}
		},
		{
			"from": [13, 15.5, 6],
			"to": [14, 16.5, 8],
			"faces": {
				"north": {"uv": [5, 3, 6, 4], "texture": "#0"},
				"east": {"uv": [5, 3, 6, 4], "texture": "#0"},
				"south": {"uv": [5, 3, 6, 4], "texture": "#0"},
				"west": {"uv": [5, 3, 6, 4], "texture": "#0"},
				"up": {"uv": [5, 3, 6, 4], "texture": "#0"}
			}
		},
		{
			"from": [11, 15.5, 10],
			"to": [12, 16.5, 11],
			"faces": {
				"north": {"uv": [5, 3, 6, 4], "texture": "#0"},
				"east": {"uv": [5, 3, 6, 4], "texture": "#0"},
				"south": {"uv": [5, 3, 6, 4], "texture": "#0"},
				"west": {"uv": [5, 3, 6, 4], "texture": "#0"},
				"up": {"uv": [5, 3, 6, 4], "texture": "#0"}
			}
		},
		{
			"from": [10, 15.5, 11],
			"to": [11, 16.5, 12],
			"faces": {
				"north": {"uv": [5, 3, 6, 4], "texture": "#0"},
				"east": {"uv": [5, 3, 6, 4], "texture": "#0"},
				"south": {"uv": [5, 3, 6, 4], "texture": "#0"},
				"west": {"uv": [5, 3, 6, 4], "texture": "#0"},
				"up": {"uv": [5, 3, 6, 4], "texture": "#0"}
			}
		}
	]
}