{
    "variants": {
        "": [
        	{ "model": "block/grass/1", "weight": 2 },
        	{ "model": "block/grass/2", "weight": 10 },
        	{ "model": "block/grass/3", "weight": 1 },
        	{ "model": "block/grass/4", "weight": 3 },
        	{ "model": "block/grass/5", "weight": 8 },
        	{ "model": "block/grass/6", "weight": 4 },
        	{ "model": "block/grass/7", "weight": 9 },
        	{ "model": "block/grass/8", "weight": 10 },
        	{ "model": "block/grass/9", "weight": 5 }
        ]
    }
}
