{
	"credit": "Made with Blockbench",
	"parent": "builtin/generated",
	"gui_light": "front",
	"display": {
		"thirdperson_righthand": {
			"translation": [0, 4.5, 1],
			"scale": [0.55, 0.55, 0.275]
		},
		"firstperson_righthand": {
			"rotation": [0, -90, 25],
			"translation": [-0.87, 7.2, 1.13],
			"scale": [0.68, 0.68, 0.34]
		},
		"ground": {
			"rotation": [90, 0, 0],
			"translation": [0, -1.5, 0],
			"scale": [0.5, 0.5, 0.25]
		},
		"head": {
			"rotation": [0, 180, 0],
			"translation": [0, 13, 7]
		},
		"fixed": {
			"rotation": [0, 180, 0],
			"translation": [0, 4, 0.25],
			"scale": [1, 1, 0.5]
		}
	}
}