{
    "variants": {
        "facing=north,lit=true":
		
		  [ { "model": "block/campfire/campfire/acacia/0", "y": 180 },
			{ "model": "block/campfire/campfire/acacia/1", "y": 180 },
			{ "model": "block/campfire/campfire/acacia/2", "y": 180 },

			{ "model": "block/campfire/campfire/birch/0", "y": 180 },
			{ "model": "block/campfire/campfire/birch/1", "y": 180 },
			{ "model": "block/campfire/campfire/birch/2", "y": 180 },

			{ "model": "block/campfire/campfire/dark_oak/0", "y": 180 },
			{ "model": "block/campfire/campfire/dark_oak/1", "y": 180 },
			{ "model": "block/campfire/campfire/dark_oak/2", "y": 180 },

			{ "model": "block/campfire/campfire/jungle/0", "y": 180 },
			{ "model": "block/campfire/campfire/jungle/1", "y": 180 },
			{ "model": "block/campfire/campfire/jungle/2", "y": 180 },

			{ "model": "block/campfire/campfire/oak/0", "y": 180 },
			{ "model": "block/campfire/campfire/oak/1", "y": 180 },
			{ "model": "block/campfire/campfire/oak/2", "y": 180 },

			{ "model": "block/campfire/campfire/spruce/0", "y": 180 },
			{ "model": "block/campfire/campfire/spruce/1", "y": 180 },
			{ "model": "block/campfire/campfire/spruce/2", "y": 180 },

			{ "model": "block/campfire/campfire/mangrove/0", "y": 180 },
			{ "model": "block/campfire/campfire/mangrove/1", "y": 180 },
			{ "model": "block/campfire/campfire/mangrove/2", "y": 180 } ],

        "facing=south,lit=true":
		
		  [ { "model": "block/campfire/campfire/acacia/0" },
			{ "model": "block/campfire/campfire/acacia/1" },
			{ "model": "block/campfire/campfire/acacia/2" },

			{ "model": "block/campfire/campfire/birch/0" },
			{ "model": "block/campfire/campfire/birch/1" },
			{ "model": "block/campfire/campfire/birch/2" },

			{ "model": "block/campfire/campfire/dark_oak/0" },
			{ "model": "block/campfire/campfire/dark_oak/1" },
			{ "model": "block/campfire/campfire/dark_oak/2" },

			{ "model": "block/campfire/campfire/jungle/0" },
			{ "model": "block/campfire/campfire/jungle/1" },
			{ "model": "block/campfire/campfire/jungle/2" },

			{ "model": "block/campfire/campfire/oak/0" },
			{ "model": "block/campfire/campfire/oak/1" },
			{ "model": "block/campfire/campfire/oak/2" },

			{ "model": "block/campfire/campfire/spruce/0" },
			{ "model": "block/campfire/campfire/spruce/1" },
			{ "model": "block/campfire/campfire/spruce/2" },

			{ "model": "block/campfire/campfire/mangrove/0" },
			{ "model": "block/campfire/campfire/mangrove/1" },
			{ "model": "block/campfire/campfire/mangrove/2" } ],

        "facing=east,lit=true":
		
		[   { "model": "block/campfire/campfire/acacia/0", "y": 270 },
			{ "model": "block/campfire/campfire/acacia/1", "y": 270 },
			{ "model": "block/campfire/campfire/acacia/2", "y": 270 },
		
			{ "model": "block/campfire/campfire/birch/0", "y": 270 },
			{ "model": "block/campfire/campfire/birch/1", "y": 270 },
			{ "model": "block/campfire/campfire/birch/2", "y": 270 },
		
			{ "model": "block/campfire/campfire/dark_oak/0", "y": 270 },
			{ "model": "block/campfire/campfire/dark_oak/1", "y": 270 },
			{ "model": "block/campfire/campfire/dark_oak/2", "y": 270 },
		
			{ "model": "block/campfire/campfire/jungle/0", "y": 270 },
			{ "model": "block/campfire/campfire/jungle/1", "y": 270 },
			{ "model": "block/campfire/campfire/jungle/2", "y": 270 },
		
			{ "model": "block/campfire/campfire/oak/0", "y": 270 },
			{ "model": "block/campfire/campfire/oak/1", "y": 270 },
			{ "model": "block/campfire/campfire/oak/2", "y": 270 },
		
			{ "model": "block/campfire/campfire/spruce/0", "y": 270 },
			{ "model": "block/campfire/campfire/spruce/1", "y": 270 },
			{ "model": "block/campfire/campfire/spruce/2", "y": 270 },
		
			{ "model": "block/campfire/campfire/mangrove/0", "y": 270 },
			{ "model": "block/campfire/campfire/mangrove/1", "y": 270 },
			{ "model": "block/campfire/campfire/mangrove/2", "y": 270 } ],

        "facing=west,lit=true":
		
		  [ { "model": "block/campfire/campfire/acacia/0", "y": 90 },
			{ "model": "block/campfire/campfire/acacia/1", "y": 90 },
			{ "model": "block/campfire/campfire/acacia/2", "y": 90 },

			{ "model": "block/campfire/campfire/birch/0", "y": 90 },
			{ "model": "block/campfire/campfire/birch/1", "y": 90 },
			{ "model": "block/campfire/campfire/birch/2", "y": 90 },

			{ "model": "block/campfire/campfire/dark_oak/0", "y": 90 },
			{ "model": "block/campfire/campfire/dark_oak/1", "y": 90 },
			{ "model": "block/campfire/campfire/dark_oak/2", "y": 90 },

			{ "model": "block/campfire/campfire/jungle/0", "y": 90 },
			{ "model": "block/campfire/campfire/jungle/1", "y": 90 },
			{ "model": "block/campfire/campfire/jungle/2", "y": 90 },

			{ "model": "block/campfire/campfire/oak/0", "y": 90 },
			{ "model": "block/campfire/campfire/oak/1", "y": 90 },
			{ "model": "block/campfire/campfire/oak/2", "y": 90 },

			{ "model": "block/campfire/campfire/spruce/0", "y": 90 },
			{ "model": "block/campfire/campfire/spruce/1", "y": 90 },
			{ "model": "block/campfire/campfire/spruce/2", "y": 90 },

			{ "model": "block/campfire/campfire/mangrove/0", "y": 90 },
			{ "model": "block/campfire/campfire/mangrove/1", "y": 90 },
			{ "model": "block/campfire/campfire/mangrove/2", "y": 90 } ],

        "facing=north,lit=false":
		
		  [ { "model": "block/campfire/campfire_off/acacia", "y": 180 },
			{ "model": "block/campfire/campfire_off/acacia", "y": 180 },
			{ "model": "block/campfire/campfire_off/acacia", "y": 180 },

			{ "model": "block/campfire/campfire_off/birch", "y": 180 },
			{ "model": "block/campfire/campfire_off/birch", "y": 180 },
			{ "model": "block/campfire/campfire_off/birch", "y": 180 },

			{ "model": "block/campfire/campfire_off/dark_oak", "y": 180 },
			{ "model": "block/campfire/campfire_off/dark_oak", "y": 180 },
			{ "model": "block/campfire/campfire_off/dark_oak", "y": 180 },

			{ "model": "block/campfire/campfire_off/jungle", "y": 180 },
			{ "model": "block/campfire/campfire_off/jungle", "y": 180 },
			{ "model": "block/campfire/campfire_off/jungle", "y": 180 },

			{ "model": "block/campfire/campfire_off/oak", "y": 180 },
			{ "model": "block/campfire/campfire_off/oak", "y": 180 },
			{ "model": "block/campfire/campfire_off/oak", "y": 180 },

			{ "model": "block/campfire/campfire_off/spruce", "y": 180 },
			{ "model": "block/campfire/campfire_off/spruce", "y": 180 },
			{ "model": "block/campfire/campfire_off/spruce", "y": 180 },

			{ "model": "block/campfire/campfire_off/mangrove", "y": 180 },
			{ "model": "block/campfire/campfire_off/mangrove", "y": 180 },
			{ "model": "block/campfire/campfire_off/mangrove", "y": 180 } ],

        "facing=south,lit=false":
		
		  [ { "model": "block/campfire/campfire_off/acacia" },
			{ "model": "block/campfire/campfire_off/acacia" },
			{ "model": "block/campfire/campfire_off/acacia" },

			{ "model": "block/campfire/campfire_off/birch" },
			{ "model": "block/campfire/campfire_off/birch" },
			{ "model": "block/campfire/campfire_off/birch" },

			{ "model": "block/campfire/campfire_off/dark_oak" },
			{ "model": "block/campfire/campfire_off/dark_oak" },
			{ "model": "block/campfire/campfire_off/dark_oak" },

			{ "model": "block/campfire/campfire_off/jungle" },
			{ "model": "block/campfire/campfire_off/jungle" },
			{ "model": "block/campfire/campfire_off/jungle" },

			{ "model": "block/campfire/campfire_off/oak" },
			{ "model": "block/campfire/campfire_off/oak" },
			{ "model": "block/campfire/campfire_off/oak" },

			{ "model": "block/campfire/campfire_off/spruce" },
			{ "model": "block/campfire/campfire_off/spruce" },
			{ "model": "block/campfire/campfire_off/spruce" },

			{ "model": "block/campfire/campfire_off/mangrove" },
			{ "model": "block/campfire/campfire_off/mangrove" },
			{ "model": "block/campfire/campfire_off/mangrove" } ],

        "facing=east,lit=false":
		
		  [ { "model": "block/campfire/campfire_off/acacia", "y": 270 },
			{ "model": "block/campfire/campfire_off/acacia", "y": 270 },
			{ "model": "block/campfire/campfire_off/acacia", "y": 270 },

			{ "model": "block/campfire/campfire_off/birch", "y": 270 },
			{ "model": "block/campfire/campfire_off/birch", "y": 270 },
			{ "model": "block/campfire/campfire_off/birch", "y": 270 },

			{ "model": "block/campfire/campfire_off/dark_oak", "y": 270 },
			{ "model": "block/campfire/campfire_off/dark_oak", "y": 270 },
			{ "model": "block/campfire/campfire_off/dark_oak", "y": 270 },

			{ "model": "block/campfire/campfire_off/jungle", "y": 270 },
			{ "model": "block/campfire/campfire_off/jungle", "y": 270 },
			{ "model": "block/campfire/campfire_off/jungle", "y": 270 },

			{ "model": "block/campfire/campfire_off/oak", "y": 270 },
			{ "model": "block/campfire/campfire_off/oak", "y": 270 },
			{ "model": "block/campfire/campfire_off/oak", "y": 270 },

			{ "model": "block/campfire/campfire_off/spruce", "y": 270 },
			{ "model": "block/campfire/campfire_off/spruce", "y": 270 },
			{ "model": "block/campfire/campfire_off/spruce", "y": 270 },

			{ "model": "block/campfire/campfire_off/mangrove", "y": 270 },
			{ "model": "block/campfire/campfire_off/mangrove", "y": 270 },
			{ "model": "block/campfire/campfire_off/mangrove", "y": 270 } ],

        "facing=west,lit=false":
		
		  [ { "model": "block/campfire/campfire_off/acacia", "y": 90 },
			{ "model": "block/campfire/campfire_off/acacia", "y": 90 },
			{ "model": "block/campfire/campfire_off/acacia", "y": 90 },

			{ "model": "block/campfire/campfire_off/birch", "y": 90 },
			{ "model": "block/campfire/campfire_off/birch", "y": 90 },
			{ "model": "block/campfire/campfire_off/birch", "y": 90 },

			{ "model": "block/campfire/campfire_off/dark_oak", "y": 90 },
			{ "model": "block/campfire/campfire_off/dark_oak", "y": 90 },
			{ "model": "block/campfire/campfire_off/dark_oak", "y": 90 },

			{ "model": "block/campfire/campfire_off/jungle", "y": 90 },
			{ "model": "block/campfire/campfire_off/jungle", "y": 90 },
			{ "model": "block/campfire/campfire_off/jungle", "y": 90 },

			{ "model": "block/campfire/campfire_off/oak", "y": 90 },
			{ "model": "block/campfire/campfire_off/oak", "y": 90 },
			{ "model": "block/campfire/campfire_off/oak", "y": 90 },

			{ "model": "block/campfire/campfire_off/spruce", "y": 90 },
			{ "model": "block/campfire/campfire_off/spruce", "y": 90 },
			{ "model": "block/campfire/campfire_off/spruce", "y": 90 },

			{ "model": "block/campfire/campfire_off/mangrove", "y": 90 },
			{ "model": "block/campfire/campfire_off/mangrove", "y": 90 },
			{ "model": "block/campfire/campfire_off/mangrove", "y": 90 } ]
    }
}
