{
    "variants": {
        "facing=north,lit=true":
		
		  [ { "model": "block/campfire/soul_campfire/crimson/0", "y": 180 },
			{ "model": "block/campfire/soul_campfire/crimson/1", "y": 180 },
			{ "model": "block/campfire/soul_campfire/crimson/2", "y": 180 },

			{ "model": "block/campfire/soul_campfire/warped/0", "y": 180 },
			{ "model": "block/campfire/soul_campfire/warped/1", "y": 180 },
			{ "model": "block/campfire/soul_campfire/warped/2", "y": 180 } ],

        "facing=south,lit=true":
		
		  [ { "model": "block/campfire/soul_campfire/crimson/0" },
			{ "model": "block/campfire/soul_campfire/crimson/1" },
			{ "model": "block/campfire/soul_campfire/crimson/2" },

			{ "model": "block/campfire/soul_campfire/warped/0" },
			{ "model": "block/campfire/soul_campfire/warped/1" },
			{ "model": "block/campfire/soul_campfire/warped/2" } ],

        "facing=east,lit=true":
		
		  [ { "model": "block/campfire/soul_campfire/crimson/0", "y": 270 },
			{ "model": "block/campfire/soul_campfire/crimson/1", "y": 270 },
			{ "model": "block/campfire/soul_campfire/crimson/2", "y": 270 },

			{ "model": "block/campfire/soul_campfire/warped/0", "y": 270 },
			{ "model": "block/campfire/soul_campfire/warped/1", "y": 270 },
			{ "model": "block/campfire/soul_campfire/warped/2", "y": 270 } ],

        "facing=west,lit=true":
		
		  [ { "model": "block/campfire/soul_campfire/crimson/0", "y": 90 },
			{ "model": "block/campfire/soul_campfire/crimson/1", "y": 90 },
			{ "model": "block/campfire/soul_campfire/crimson/2", "y": 90 },

			{ "model": "block/campfire/soul_campfire/warped/0", "y": 90 },
			{ "model": "block/campfire/soul_campfire/warped/1", "y": 90 },
			{ "model": "block/campfire/soul_campfire/warped/2", "y": 90 } ],

        "facing=north,lit=false":
		
		  [ { "model": "block/campfire/campfire_off/crimson", "y": 180 },
			{ "model": "block/campfire/campfire_off/crimson", "y": 180 },
			{ "model": "block/campfire/campfire_off/crimson", "y": 180 },

			{ "model": "block/campfire/campfire_off/warped", "y": 180 },
			{ "model": "block/campfire/campfire_off/warped", "y": 180 },
			{ "model": "block/campfire/campfire_off/warped", "y": 180 } ],

        "facing=south,lit=false":
		
		  [ { "model": "block/campfire/campfire_off/crimson" },
			{ "model": "block/campfire/campfire_off/crimson" },
			{ "model": "block/campfire/campfire_off/crimson" },

			{ "model": "block/campfire/campfire_off/warped" },
			{ "model": "block/campfire/campfire_off/warped" },
			{ "model": "block/campfire/campfire_off/warped" } ],

        "facing=east,lit=false":
		
		  [ { "model": "block/campfire/campfire_off/crimson", "y": 270 },
			{ "model": "block/campfire/campfire_off/crimson", "y": 270 },
			{ "model": "block/campfire/campfire_off/crimson", "y": 270 },

			{ "model": "block/campfire/campfire_off/warped", "y": 270 },
			{ "model": "block/campfire/campfire_off/warped", "y": 270 },
			{ "model": "block/campfire/campfire_off/warped", "y": 270 } ],

        "facing=west,lit=false":
		
		  [ { "model": "block/campfire/campfire_off/crimson", "y": 90 },
			{ "model": "block/campfire/campfire_off/crimson", "y": 90 },
			{ "model": "block/campfire/campfire_off/crimson", "y": 90 },

			{ "model": "block/campfire/campfire_off/warped", "y": 90 },
			{ "model": "block/campfire/campfire_off/warped", "y": 90 },
			{ "model": "block/campfire/campfire_off/warped", "y": 90 } ]
    }
}
