{
	"credit": "Made with Blockbench",
	"parent": "minecraft:block/tinted_cross",
	"textures": {
		"2": "block/large_fern",
		"particle": "block/large_fern_bottom"
	},
	"elements": [
		{
			"from": [12.69552, -1.53073, 0],
			"to": [12.69552, 30.46927, 16],
			"rotation": {"angle": 22.5, "axis": "z", "origin": [9, 0, 8]},
			"faces": {
				"east": {"uv": [8, 0, 0, 16], "texture": "#2", "tintindex": 0},
				"west": {"uv": [0, 0, 8, 16], "texture": "#2", "tintindex": 0}
			}
		},
		{
			"from": [0, -1.91342, 12.6194],
			"to": [16, 30.08658, 12.6194],
			"rotation": {"angle": -22.5, "axis": "x", "origin": [8, 0, 8]},
			"faces": {
				"north": {"uv": [0, 0, 8, 16], "texture": "#2", "tintindex": 0},
				"south": {"uv": [8, 0, 0, 16], "texture": "#2", "tintindex": 0}
			}
		},
		{
			"from": [3.3806, -1.91342, 0],
			"to": [3.3806, 30.08658, 16],
			"rotation": {"angle": -22.5, "axis": "z", "origin": [8, 0, 8]},
			"faces": {
				"east": {"uv": [0, 0, 8, 16], "texture": "#2", "tintindex": 0},
				"west": {"uv": [8, 0, 0, 16], "texture": "#2", "tintindex": 0}
			}
		},
		{
			"from": [0, -1.91342, 3.3806],
			"to": [16, 30.08658, 3.3806],
			"rotation": {"angle": 22.5, "axis": "x", "origin": [8, 0, 8]},
			"faces": {
				"north": {"uv": [8, 0, 0, 16], "texture": "#2", "tintindex": 0},
				"south": {"uv": [0, 0, 8, 16], "texture": "#2", "tintindex": 0}
			}
		}
	]
}