{
	"credit": "Made with Blockbench",
	"parent": "block/block",
	"textures": {
		"2": "block/azaela_plant/leaves/8",
		"3": "block/azaela_plant/azalea_bushy",
		"plant": "block/azaela_plant/plant",
		"particle": "break/azalea_plant"
	},
	"elements": [
		{
			"name": "azalea",
			"from": [0, 5, 0],
			"to": [16, 16, 16],
			"faces": {
				"north": {"uv": [0, 0, 16, 11], "texture": "#2"},
				"east": {"uv": [0, 0, 16, 11], "texture": "#2"},
				"south": {"uv": [0, 0, 16, 11], "texture": "#2"},
				"west": {"uv": [0, 0, 16, 11], "texture": "#2"},
				"up": {"uv": [0, 0, 16, 16], "texture": "#2"},
				"down": {"uv": [0, 0, 16, 16], "texture": "#2"}
			}
		},
		{
			"name": "azalea_inversed",
			"from": [15.95, 5.05, 0.05],
			"to": [0.05, 15.95, 15.95],
			"faces": {
				"north": {"uv": [16, 0, 0, 11], "texture": "#2"},
				"east": {"uv": [16, 0, 0, 11], "texture": "#2"},
				"south": {"uv": [16, 0, 0, 11], "texture": "#2"},
				"west": {"uv": [16, 0, 0, 11], "texture": "#2"},
				"up": {"uv": [16, 0, 0, 16], "texture": "#2"},
				"down": {"uv": [16, 0, 0, 16], "texture": "#2"}
			}
		},
		{
			"name": "plant",
			"from": [0.1, 0, 8],
			"to": [15.9, 15.9, 8],
			"rotation": {"angle": 45, "axis": "y", "origin": [8, 8, 8], "rescale": true},
			"faces": {
				"north": {"uv": [0, 0, 16, 16], "texture": "#plant"},
				"south": {"uv": [0, 0, 16, 16], "texture": "#plant"}
			}
		},
		{
			"name": "plant",
			"from": [8, 0, 0.1],
			"to": [8, 15.9, 15.9],
			"rotation": {"angle": 45, "axis": "y", "origin": [8, 8, 8], "rescale": true},
			"faces": {
				"east": {"uv": [0, 0, 16, 16], "texture": "#plant"},
				"west": {"uv": [0, 0, 16, 16], "texture": "#plant"}
			}
		},
		{
			"name": "bushy",
			"from": [-8, -14.5, 8],
			"to": [24, 17.5, 8],
			"shade": false,
			"rotation": {"angle": 22.5, "axis": "y", "origin": [8, 8, 8]},
			"faces": {
				"north": {"uv": [0, 0, 16, 16], "texture": "#3", "tintindex": 0},
				"south": {"uv": [16, 0, 0, 16], "texture": "#3", "tintindex": 0}
			}
		},
		{
			"name": "bushy",
			"from": [8, -14.5, -8],
			"to": [8, 17.5, 24],
			"shade": false,
			"rotation": {"angle": 22.5, "axis": "y", "origin": [8, 8, 8]},
			"faces": {
				"east": {"uv": [0, 0, 16, 16], "texture": "#3", "tintindex": 0},
				"west": {"uv": [16, 0, 0, 16], "texture": "#3", "tintindex": 0}
			}
		}
	],
	"display": {
		"gui": {
			"rotation": [30, 225, 0],
			"scale": [0.575, 0.575, 0.575]
		}
	}
}