{
	"credit": "Made with Blockbench",
	"parent": "block/block",
	"ambientocclusion": false,
	"textures": {
		"particle": "#wall"
	},
	"elements": [
		{
			"name": "Center post",
			"from": [4, 0, 4],
			"to": [12, 16, 12],
			"faces": {
				"north": {"uv": [4, 0, 12, 16], "texture": "#side_p"},
				"east": {"uv": [4, 0, 12, 16], "texture": "#side_p"},
				"south": {"uv": [4, 0, 12, 16], "texture": "#side_p"},
				"west": {"uv": [4, 0, 12, 16], "texture": "#side_p"},
				"up": {"uv": [4, 4, 12, 12], "texture": "#top_p"},
				"down": {"uv": [4, 4, 12, 12], "texture": "#up_p", "cullface": "down"}
			}
		},
		{
			"name": "Full wall",
			"from": [5, 0, 0],
			"to": [11, 13, 4],
			"faces": {
				"north": {"uv": [5, 3, 11, 16], "texture": "#side_w", "cullface": "north"},
				"east": {"uv": [12, 3, 16, 16], "texture": "#side_w"},
				"south": {"uv": [5, 3, 11, 16], "texture": "#side_w", "cullface": "south"},
				"west": {"uv": [0, 3, 4, 16], "texture": "#side_w"},
				"up": {"uv": [5, 12, 11, 16], "texture": "#top_w"},
				"down": {"uv": [5, 0, 11, 4], "texture": "#bottom_w", "cullface": "down"}
			}
		},
		{
			"name": "Full wall",
			"from": [5, 0, 12],
			"to": [11, 13, 16],
			"faces": {
				"north": {"uv": [5, 3, 11, 16], "texture": "#side_w", "cullface": "north"},
				"east": {"uv": [0, 3, 4, 16], "texture": "#side_w"},
				"south": {"uv": [5, 3, 11, 16], "texture": "#side_w", "cullface": "south"},
				"west": {"uv": [12, 3, 16, 16], "texture": "#side_w"},
				"up": {"uv": [5, 0, 11, 4], "texture": "#top_w"},
				"down": {"uv": [5, 12, 11, 16], "texture": "#bottom_w", "cullface": "down"}
			}
		}
	],
	"display": {
		"gui": {
			"rotation": [30, 135, 0],
			"scale": [0.625, 0.625, 0.625]
		},
		"fixed": {
			"rotation": [0, 90, 0],
			"scale": [0.5, 0.5, 0.5]
		}
	}
}