{
	"parent": "block/cross",
	"textures": {
		"1": "block/dug_earth",
		"particle": "block/dug_earth"
	},
	"elements": [
		{
			"from": [0, 0.01, 0],
			"to": [16, 0.01, 16],
			"faces": {
				"north": {"uv": [0, 0, 16, 0], "texture": "#1"},
				"east": {"uv": [0, 0, 16, 0], "texture": "#1"},
				"south": {"uv": [0, 0, 16, 0], "texture": "#1"},
				"west": {"uv": [0, 0, 16, 0], "texture": "#1"},
				"up": {"uv": [0, 0, 16, 16], "texture": "#1"},
				"down": {"uv": [0, 0, 1, 1], "texture": "#1"}
			}
		}
	]
}