{
	"credit": "Made with Blockbench",
	"parent": "block/block",
	"textures": {
		"6": "block/mossy_cobblestone",
		"particle": "block/grass_block/dirt/2",
		"bottom": "block/grass_block/dirt/2",
		"top": "block/grass_block/podzol/top/1",
		"side": "block/grass_block/podzol/side/2"
	},
	"elements": [
		{
			"from": [0, 0, 0],
			"to": [16, 16, 16],
			"faces": {
				"north": {"uv": [0, 0, 16, 16], "texture": "#side", "cullface": "north"},
				"east": {"uv": [0, 0, 16, 16], "texture": "#side", "cullface": "east"},
				"south": {"uv": [0, 0, 16, 16], "texture": "#side", "cullface": "south"},
				"west": {"uv": [0, 0, 16, 16], "texture": "#side", "cullface": "west"},
				"up": {"uv": [0, 0, 16, 16], "texture": "#top", "cullface": "up"},
				"down": {"uv": [0, 0, 16, 16], "texture": "#bottom", "cullface": "down"}
			}
		},
		{
			"from": [4, 15.99, 4],
			"to": [7, 16.99, 8],
			"rotation": {"angle": 0, "axis": "y", "origin": [5, 16.5, 5.5]},
			"faces": {
				"north": {"uv": [1, 0, 4, 1], "texture": "#6"},
				"east": {"uv": [4, 1, 5, 5], "rotation": 90, "texture": "#6"},
				"south": {"uv": [1, 5, 4, 6], "texture": "#6"},
				"west": {"uv": [0, 1, 1, 5], "rotation": 90, "texture": "#6"},
				"up": {"uv": [1, 1, 4, 5], "texture": "#6"},
				"down": {"uv": [1, 1, 4, 5], "texture": "#6"}
			}
		}
	]
}