{
	"credit": "Made with Blockbench",
	"parent": "block/block",
	"elements": [
		{
			"name": "lit",
			"from": [5, 0, 0],
			"to": [11, 1, 16],
			"faces": {
				"north": {"uv": [0, 15, 6, 16], "texture": "#5", "cullface": "north"},
				"south": {"uv": [10, 15, 16, 16], "texture": "#5", "cullface": "south"},
				"up": {"uv": [0, 8, 16, 14], "rotation": 90, "texture": "#5"},
				"down": {"uv": [0, 8, 16, 14], "rotation": 90, "texture": "#3", "cullface": "down"}
			}
		},
		{
			"name": "fire",
			"from": [0.8, 1, 8],
			"to": [15.2, 17, 8],
			"shade": false,
			"rotation": {"angle": 45, "axis": "y", "origin": [8, 8, 8], "rescale": true},
			"faces": {
				"north": {"uv": [0, 0, 16, 16], "texture": "#4"},
				"south": {"uv": [0, 0, 16, 16], "texture": "#4"}
			}
		},
		{
			"name": "fire",
			"from": [8, 1, 0.8],
			"to": [8, 17, 15.2],
			"shade": false,
			"rotation": {"angle": 45, "axis": "y", "origin": [8, 8, 8], "rescale": true},
			"faces": {
				"east": {"uv": [0, 0, 16, 16], "texture": "#4"},
				"west": {"uv": [0, 0, 16, 16], "texture": "#4"}
			}
		},
		{
			"name": "log",
			"from": [0, 3, 1],
			"to": [16, 7, 5],
			"rotation": {"angle": 0, "axis": "y", "origin": [0, 0, 16]},
			"faces": {
				"north": {"uv": [0, 0, 16, 4], "texture": "#5"},
				"south": {"uv": [16, 0, 0, 4], "texture": "#5"},
				"down": {"uv": [0, 4, 16, 8], "texture": "#5"}
			}
		},
		{
			"name": "log",
			"from": [0.5, 3, 1],
			"to": [15.5, 7, 5],
			"rotation": {"angle": 0, "axis": "y", "origin": [0, 0, 16]},
			"faces": {
				"north": {"uv": [0.5, 8, 15.5, 12], "texture": "#6"},
				"south": {"uv": [15.5, 4, 0.5, 0], "texture": "#6"},
				"up": {"uv": [0.5, 0, 15.5, 4], "rotation": 180, "texture": "#0"},
				"down": {"uv": [15.5, 8, 0.5, 4], "texture": "#6"}
			}
		},
		{
			"name": "log",
			"from": [0.25, 3.5, 1.5],
			"to": [15.75, 6.5, 4.5],
			"rotation": {"angle": 0, "axis": "y", "origin": [0, 0, 16]},
			"faces": {
				"east": {"uv": [2, 2, 14, 14], "texture": "#1", "cullface": "west"},
				"west": {"uv": [2, 2, 14, 14], "texture": "#1", "cullface": "west"}
			}
		},
		{
			"name": "log",
			"from": [0, 3, 4.5],
			"to": [0.5, 6.5, 5],
			"rotation": {"angle": 0, "axis": "y", "origin": [0, 0, 16]},
			"faces": {
				"north": {"uv": [14, 2, 16, 16], "texture": "#1", "cullface": "west"},
				"south": {"uv": [16, 15.5, 15.5, 12], "texture": "#0"},
				"west": {"uv": [14, 2, 16, 16], "texture": "#1", "cullface": "west"},
				"down": {"uv": [16, 8, 15.5, 7.5], "texture": "#6"}
			}
		},
		{
			"name": "log",
			"from": [0, 6.5, 1.5],
			"to": [0.5, 7, 5],
			"rotation": {"angle": 0, "axis": "y", "origin": [0, 0, 16]},
			"faces": {
				"south": {"uv": [16, 16, 15.5, 15.5], "texture": "#0"},
				"west": {"uv": [2, 0, 16, 2], "texture": "#1", "cullface": "west"},
				"up": {"uv": [15.5, 0, 16, 3.5], "rotation": 180, "texture": "#0"},
				"down": {"uv": [16, 0, 2, 2], "rotation": 90, "texture": "#1", "cullface": "west"}
			}
		},
		{
			"name": "log",
			"from": [0, 3.5, 1],
			"to": [0.5, 7, 1.5],
			"rotation": {"angle": 0, "axis": "y", "origin": [0, 0, 16]},
			"faces": {
				"north": {"uv": [15.5, 4, 16, 7.5], "texture": "#0"},
				"south": {"uv": [0, 0, 2, 14], "texture": "#1", "cullface": "west"},
				"west": {"uv": [0, 0, 2, 14], "texture": "#1", "cullface": "west"},
				"up": {"uv": [15.5, 4, 16, 3.5], "rotation": 180, "texture": "#0"}
			}
		},
		{
			"name": "log",
			"from": [0, 3, 1],
			"to": [0.5, 3.5, 4.5],
			"rotation": {"angle": 0, "axis": "y", "origin": [0, 0, 16]},
			"faces": {
				"north": {"uv": [15.5, 7.5, 16, 8], "texture": "#0"},
				"west": {"uv": [0, 14, 14, 16], "texture": "#1", "cullface": "west"},
				"up": {"uv": [0, 14, 14, 16], "rotation": 90, "texture": "#1", "cullface": "west"},
				"down": {"uv": [16, 7.5, 15.5, 4], "texture": "#6"}
			}
		},
		{
			"name": "log",
			"from": [15.5, 3, 4.5],
			"to": [16, 6.5, 5],
			"rotation": {"angle": 0, "axis": "y", "origin": [16, 0, 16]},
			"faces": {
				"north": {"uv": [2, 2, 0, 16], "texture": "#1", "cullface": "west"},
				"east": {"uv": [2, 2, 0, 16], "texture": "#1", "cullface": "west"},
				"south": {"uv": [0.5, 16, 0, 12.5], "texture": "#0"},
				"down": {"uv": [0, 8, 0.5, 7.5], "texture": "#6"}
			}
		},
		{
			"name": "log",
			"from": [15.5, 6.5, 1.5],
			"to": [16, 7, 5],
			"rotation": {"angle": 0, "axis": "y", "origin": [16, 0, 16]},
			"faces": {
				"east": {"uv": [0, 0, 14, 2], "texture": "#1", "cullface": "west"},
				"south": {"uv": [0.5, 16, 0, 12.5], "texture": "#0"},
				"up": {"uv": [0.5, 0, 0, 3.5], "rotation": 180, "texture": "#0"},
				"down": {"uv": [0, 2, 14, 0], "rotation": 90, "texture": "#1", "cullface": "west"}
			}
		},
		{
			"name": "log",
			"from": [15.5, 3.5, 1],
			"to": [16, 7, 1.5],
			"rotation": {"angle": 0, "axis": "y", "origin": [16, 0, 16]},
			"faces": {
				"north": {"uv": [0, 4, 0.5, 7.5], "texture": "#0"},
				"east": {"uv": [16, 0, 14, 14], "texture": "#1", "cullface": "west"},
				"south": {"uv": [16, 0, 14, 14], "texture": "#1", "cullface": "west"},
				"up": {"uv": [0.5, 4, 0, 3.5], "rotation": 180, "texture": "#0"}
			}
		},
		{
			"name": "log",
			"from": [15.5, 3, 1],
			"to": [16, 3.5, 4.5],
			"rotation": {"angle": 0, "axis": "y", "origin": [16, 0, 16]},
			"faces": {
				"north": {"uv": [0, 7.5, 0.5, 8], "texture": "#0"},
				"east": {"uv": [16, 14, 2, 16], "texture": "#1", "cullface": "west"},
				"up": {"uv": [2, 16, 16, 14], "rotation": 90, "texture": "#1", "cullface": "west"},
				"down": {"uv": [0.5, 7.5, 0, 4], "texture": "#6"}
			}
		},
		{
			"name": "log",
			"from": [0, 3, 11],
			"to": [16, 7, 15],
			"rotation": {"angle": 0, "axis": "y", "origin": [8, 0, 8]},
			"faces": {
				"north": {"uv": [16, 0, 0, 4], "texture": "#5"},
				"south": {"uv": [0, 0, 16, 4], "texture": "#5"},
				"down": {"uv": [0, 4, 16, 8], "rotation": 180, "texture": "#5"}
			}
		},
		{
			"name": "log",
			"from": [0.5, 3, 11],
			"to": [15.5, 7, 15],
			"rotation": {"angle": 0, "axis": "y", "origin": [8, 0, 8]},
			"faces": {
				"north": {"uv": [15.5, 4, 0.5, 0], "texture": "#6"},
				"south": {"uv": [0.5, 8, 15.5, 12], "texture": "#6"},
				"up": {"uv": [0.5, 0, 15.5, 4], "texture": "#0"},
				"down": {"uv": [15.5, 8, 0.5, 4], "rotation": 180, "texture": "#6"}
			}
		},
		{
			"name": "log",
			"from": [0.25, 3.5, 11.5],
			"to": [15.75, 6.5, 14.5],
			"rotation": {"angle": 0, "axis": "y", "origin": [8, 0, 8]},
			"faces": {
				"east": {"uv": [2, 2, 14, 14], "texture": "#1", "cullface": "west"},
				"west": {"uv": [2, 2, 14, 14], "texture": "#1", "cullface": "west"}
			}
		},
		{
			"name": "log",
			"from": [15.5, 3, 11],
			"to": [16, 6.5, 11.5],
			"rotation": {"angle": 0, "axis": "y", "origin": [8, 0, 8]},
			"faces": {
				"north": {"uv": [16, 15.5, 15.5, 12], "texture": "#0"},
				"east": {"uv": [14, 2, 16, 16], "texture": "#1", "cullface": "west"},
				"south": {"uv": [14, 2, 16, 16], "texture": "#1", "cullface": "west"},
				"down": {"uv": [16, 8, 15.5, 7.5], "rotation": 180, "texture": "#6"}
			}
		},
		{
			"name": "log",
			"from": [15.5, 6.5, 11],
			"to": [16, 7, 14.5],
			"rotation": {"angle": 0, "axis": "y", "origin": [8, 0, 8]},
			"faces": {
				"north": {"uv": [16, 16, 15.5, 15.5], "texture": "#0"},
				"east": {"uv": [2, 0, 16, 2], "texture": "#1", "cullface": "west"},
				"up": {"uv": [15.5, 0, 16, 3.5], "texture": "#0"},
				"down": {"uv": [16, 0, 2, 2], "rotation": 270, "texture": "#1", "cullface": "west"}
			}
		},
		{
			"name": "log",
			"from": [15.5, 3.5, 14.5],
			"to": [16, 7, 15],
			"rotation": {"angle": 0, "axis": "y", "origin": [8, 0, 8]},
			"faces": {
				"north": {"uv": [0, 0, 2, 14], "texture": "#1", "cullface": "west"},
				"east": {"uv": [0, 0, 2, 14], "texture": "#1", "cullface": "west"},
				"south": {"uv": [15.5, 4, 16, 7.5], "texture": "#0"},
				"up": {"uv": [15.5, 4, 16, 3.5], "texture": "#0"}
			}
		},
		{
			"name": "log",
			"from": [15.5, 3, 11.5],
			"to": [16, 3.5, 15],
			"rotation": {"angle": 0, "axis": "y", "origin": [8, 0, 8]},
			"faces": {
				"east": {"uv": [0, 14, 14, 16], "texture": "#1", "cullface": "west"},
				"south": {"uv": [15.5, 7.5, 16, 8], "texture": "#0"},
				"up": {"uv": [0, 14, 14, 16], "rotation": 270, "texture": "#1", "cullface": "west"},
				"down": {"uv": [16, 7.5, 15.5, 4], "rotation": 180, "texture": "#6"}
			}
		},
		{
			"name": "log",
			"from": [0, 3, 11],
			"to": [0.5, 6.5, 11.5],
			"rotation": {"angle": 0, "axis": "y", "origin": [8, 0, 8]},
			"faces": {
				"north": {"uv": [0.5, 16, 0, 12.5], "texture": "#0"},
				"south": {"uv": [2, 2, 0, 16], "texture": "#1", "cullface": "west"},
				"west": {"uv": [2, 2, 0, 16], "texture": "#1", "cullface": "west"},
				"down": {"uv": [0, 8, 0.5, 7.5], "rotation": 180, "texture": "#6"}
			}
		},
		{
			"name": "log",
			"from": [0, 6.5, 11],
			"to": [0.5, 7, 14.5],
			"rotation": {"angle": 0, "axis": "y", "origin": [8, 0, 8]},
			"faces": {
				"north": {"uv": [0.5, 16, 0, 12.5], "texture": "#0"},
				"west": {"uv": [0, 0, 14, 2], "texture": "#1", "cullface": "west"},
				"up": {"uv": [0.5, 0, 0, 3.5], "texture": "#0"},
				"down": {"uv": [0, 2, 14, 0], "rotation": 270, "texture": "#1", "cullface": "west"}
			}
		},
		{
			"name": "log",
			"from": [0, 3.5, 14.5],
			"to": [0.5, 7, 15],
			"rotation": {"angle": 0, "axis": "y", "origin": [8, 0, 8]},
			"faces": {
				"north": {"uv": [16, 0, 14, 14], "texture": "#1", "cullface": "west"},
				"south": {"uv": [0, 4, 0.5, 7.5], "texture": "#0"},
				"west": {"uv": [16, 0, 14, 14], "texture": "#1", "cullface": "west"},
				"up": {"uv": [0.5, 4, 0, 3.5], "texture": "#0"}
			}
		},
		{
			"name": "log",
			"from": [0, 3, 11.5],
			"to": [0.5, 3.5, 15],
			"rotation": {"angle": 0, "axis": "y", "origin": [8, 0, 8]},
			"faces": {
				"south": {"uv": [0, 7.5, 0.5, 8], "texture": "#0"},
				"west": {"uv": [16, 14, 2, 16], "texture": "#1", "cullface": "west"},
				"up": {"uv": [2, 16, 16, 14], "rotation": 270, "texture": "#1", "cullface": "west"},
				"down": {"uv": [0.5, 7.5, 0, 4], "rotation": 180, "texture": "#6"}
			}
		},
		{
			"name": "log",
			"from": [11, 0, 0.5],
			"to": [11, 4, 15.5],
			"rotation": {"angle": 0, "axis": "y", "origin": [8, 5, 8]},
			"faces": {
				"west": {"uv": [15.5, 1, 0.5, 5], "texture": "#5"}
			}
		},
		{
			"name": "log",
			"from": [11, 0, 0.5],
			"to": [15, 4, 15.5],
			"rotation": {"angle": 0, "axis": "y", "origin": [8, -3, 8]},
			"faces": {
				"east": {"uv": [0.5, 4, 15.5, 8], "texture": "#0"},
				"west": {"uv": [15.5, 16, 0.5, 12], "texture": "#6"},
				"up": {"uv": [0.5, 0, 15.5, 4], "rotation": 270, "texture": "#0"},
				"down": {"uv": [15.5, 12, 0.5, 8], "rotation": 270, "texture": "#0"}
			}
		},
		{
			"name": "log",
			"from": [11.5, 0.5, 0.25],
			"to": [14.5, 3.5, 15.75],
			"rotation": {"angle": 0, "axis": "y", "origin": [8, -3, 8]},
			"faces": {
				"north": {"uv": [2, 2, 14, 14], "texture": "#1", "cullface": "west"},
				"south": {"uv": [2, 2, 14, 14], "texture": "#1", "cullface": "west"}
			}
		},
		{
			"name": "log",
			"from": [11, 0, 0],
			"to": [11.5, 3.5, 0.5],
			"rotation": {"angle": 0, "axis": "y", "origin": [8, -3, 8]},
			"faces": {
				"north": {"uv": [14, 2, 16, 16], "texture": "#1", "cullface": "west"},
				"east": {"uv": [14, 2, 16, 16], "texture": "#1", "cullface": "west"},
				"west": {"uv": [16, 15.5, 15.5, 12], "texture": "#0"},
				"down": {"uv": [16, 12, 15.5, 11.5], "rotation": 270, "texture": "#0"}
			}
		},
		{
			"name": "log",
			"from": [11, 3.5, 0],
			"to": [14.5, 4, 0.5],
			"rotation": {"angle": 0, "axis": "y", "origin": [8, -3, 8]},
			"faces": {
				"north": {"uv": [2, 0, 16, 2], "texture": "#1", "cullface": "west"},
				"west": {"uv": [16, 16, 15.5, 15.5], "texture": "#0"},
				"up": {"uv": [15.5, 0, 16, 3.5], "rotation": 270, "texture": "#0"},
				"down": {"uv": [16, 0, 2, 2], "texture": "#1", "cullface": "west"}
			}
		},
		{
			"name": "log",
			"from": [14.5, 0.5, 0],
			"to": [15, 4, 0.5],
			"rotation": {"angle": 0, "axis": "y", "origin": [8, -3, 8]},
			"faces": {
				"north": {"uv": [0, 0, 2, 14], "texture": "#1", "cullface": "west"},
				"east": {"uv": [15.5, 4, 16, 7.5], "texture": "#0"},
				"west": {"uv": [0, 0, 2, 14], "texture": "#1", "cullface": "west"},
				"up": {"uv": [15.5, 4, 16, 3.5], "rotation": 270, "texture": "#0"}
			}
		},
		{
			"name": "log",
			"from": [11.5, 0, 0],
			"to": [15, 0.5, 0.5],
			"rotation": {"angle": 0, "axis": "y", "origin": [8, -3, 8]},
			"faces": {
				"north": {"uv": [0, 14, 14, 16], "texture": "#1", "cullface": "west"},
				"east": {"uv": [15.5, 7.5, 16, 8], "texture": "#0"},
				"up": {"uv": [0, 14, 14, 16], "rotation": 180, "texture": "#1", "cullface": "west"},
				"down": {"uv": [15.5, 11.5, 16, 8], "rotation": 270, "texture": "#0"}
			}
		},
		{
			"name": "log",
			"from": [11, 0, 15.5],
			"to": [11.5, 3.5, 16],
			"rotation": {"angle": 0, "axis": "y", "origin": [8, -3, 8]},
			"faces": {
				"east": {"uv": [2, 2, 0, 16], "texture": "#1", "cullface": "west"},
				"south": {"uv": [2, 2, 0, 16], "texture": "#1", "cullface": "west"},
				"west": {"uv": [0.5, 16, 0, 12.5], "texture": "#0"},
				"down": {"uv": [0.5, 12, 0, 11.5], "rotation": 270, "texture": "#0"}
			}
		},
		{
			"name": "log",
			"from": [11, 3.5, 15.5],
			"to": [14.5, 4, 16],
			"rotation": {"angle": 0, "axis": "y", "origin": [8, -3, 8]},
			"faces": {
				"south": {"uv": [0, 0, 14, 2], "texture": "#1", "cullface": "west"},
				"west": {"uv": [0.5, 16, 0, 12.5], "texture": "#0"},
				"up": {"uv": [0.5, 0, 0, 3.5], "rotation": 270, "texture": "#0"},
				"down": {"uv": [0, 2, 14, 0], "texture": "#1", "cullface": "west"}
			}
		},
		{
			"name": "log",
			"from": [14.5, 0.5, 15.5],
			"to": [15, 4, 16],
			"rotation": {"angle": 0, "axis": "y", "origin": [8, -3, 8]},
			"faces": {
				"east": {"uv": [0, 4, 0.5, 7.5], "texture": "#0"},
				"south": {"uv": [16, 0, 14, 14], "texture": "#1", "cullface": "west"},
				"west": {"uv": [16, 0, 14, 14], "texture": "#1", "cullface": "west"},
				"up": {"uv": [0.5, 4, 0, 3.5], "rotation": 270, "texture": "#0"}
			}
		},
		{
			"name": "log",
			"from": [11.5, 0, 15.5],
			"to": [15, 0.5, 16],
			"rotation": {"angle": 0, "axis": "y", "origin": [8, -3, 8]},
			"faces": {
				"east": {"uv": [0, 7.5, 0.5, 8], "texture": "#0"},
				"south": {"uv": [16, 14, 2, 16], "texture": "#1", "cullface": "west"},
				"up": {"uv": [2, 16, 16, 14], "rotation": 180, "texture": "#1", "cullface": "west"},
				"down": {"uv": [0.5, 11.5, 0, 8], "rotation": 270, "texture": "#0"}
			}
		},
		{
			"name": "log",
			"from": [5, 0, 0.5],
			"to": [5, 4, 15.5],
			"rotation": {"angle": 0, "axis": "y", "origin": [8, 0, 8]},
			"faces": {
				"east": {"uv": [15.5, 1, 0.5, 5], "texture": "#5"}
			}
		},
		{
			"name": "log",
			"from": [1, 0, 0.5],
			"to": [5, 4, 15.5],
			"rotation": {"angle": 0, "axis": "y", "origin": [8, 0, 8]},
			"faces": {
				"east": {"uv": [15.5, 16, 0.5, 12], "texture": "#6"},
				"west": {"uv": [0.5, 4, 15.5, 8], "texture": "#0"},
				"up": {"uv": [0.5, 0, 15.5, 4], "rotation": 90, "texture": "#0"},
				"down": {"uv": [15.5, 12, 0.5, 8], "rotation": 90, "texture": "#0"}
			}
		},
		{
			"name": "log",
			"from": [1.5, 0.5, 0.25],
			"to": [4.5, 3.5, 15.75],
			"rotation": {"angle": 0, "axis": "y", "origin": [8, 0, 8]},
			"faces": {
				"north": {"uv": [2, 2, 14, 14], "texture": "#1", "cullface": "west"},
				"south": {"uv": [2, 2, 14, 14], "texture": "#1", "cullface": "west"}
			}
		},
		{
			"name": "log",
			"from": [4.5, 0, 15.5],
			"to": [5, 3.5, 16],
			"rotation": {"angle": 0, "axis": "y", "origin": [8, 0, 8]},
			"faces": {
				"east": {"uv": [16, 15.5, 15.5, 12], "texture": "#0"},
				"south": {"uv": [14, 2, 16, 16], "texture": "#1", "cullface": "west"},
				"west": {"uv": [14, 2, 16, 16], "texture": "#1", "cullface": "west"},
				"down": {"uv": [16, 12, 15.5, 11.5], "rotation": 90, "texture": "#0"}
			}
		},
		{
			"name": "log",
			"from": [1.5, 3.5, 15.5],
			"to": [5, 4, 16],
			"rotation": {"angle": 0, "axis": "y", "origin": [8, 0, 8]},
			"faces": {
				"east": {"uv": [16, 16, 15.5, 15.5], "texture": "#0"},
				"south": {"uv": [2, 0, 16, 2], "texture": "#1", "cullface": "west"},
				"up": {"uv": [15.5, 0, 16, 3.5], "rotation": 90, "texture": "#0"},
				"down": {"uv": [16, 0, 2, 2], "rotation": 180, "texture": "#1", "cullface": "west"}
			}
		},
		{
			"name": "log",
			"from": [1, 0.5, 15.5],
			"to": [1.5, 4, 16],
			"rotation": {"angle": 0, "axis": "y", "origin": [8, 0, 8]},
			"faces": {
				"east": {"uv": [0, 0, 2, 14], "texture": "#1", "cullface": "west"},
				"south": {"uv": [0, 0, 2, 14], "texture": "#1", "cullface": "west"},
				"west": {"uv": [15.5, 4, 16, 7.5], "texture": "#0"},
				"up": {"uv": [15.5, 4, 16, 3.5], "rotation": 90, "texture": "#0"}
			}
		},
		{
			"name": "log",
			"from": [1, 0, 15.5],
			"to": [4.5, 0.5, 16],
			"rotation": {"angle": 0, "axis": "y", "origin": [8, 0, 8]},
			"faces": {
				"south": {"uv": [0, 14, 14, 16], "texture": "#1", "cullface": "west"},
				"west": {"uv": [15.5, 7.5, 16, 8], "texture": "#0"},
				"up": {"uv": [0, 14, 14, 16], "texture": "#1", "cullface": "west"},
				"down": {"uv": [15.5, 11.5, 16, 8], "rotation": 90, "texture": "#0"}
			}
		},
		{
			"name": "log",
			"from": [4.5, 0, 0],
			"to": [5, 3.5, 0.5],
			"rotation": {"angle": 0, "axis": "y", "origin": [8, 0, 8]},
			"faces": {
				"north": {"uv": [2, 2, 0, 16], "texture": "#1", "cullface": "west"},
				"east": {"uv": [0.5, 16, 0, 12.5], "texture": "#0"},
				"west": {"uv": [2, 2, 0, 16], "texture": "#1", "cullface": "west"},
				"down": {"uv": [0.5, 12, 0, 11.5], "rotation": 90, "texture": "#0"}
			}
		},
		{
			"name": "log",
			"from": [1.5, 3.5, 0],
			"to": [5, 4, 0.5],
			"rotation": {"angle": 0, "axis": "y", "origin": [8, 0, 8]},
			"faces": {
				"north": {"uv": [0, 0, 14, 2], "texture": "#1", "cullface": "west"},
				"east": {"uv": [0.5, 16, 0, 12.5], "texture": "#0"},
				"up": {"uv": [0.5, 0, 0, 3.5], "rotation": 90, "texture": "#0"},
				"down": {"uv": [0, 2, 14, 0], "rotation": 180, "texture": "#1", "cullface": "west"}
			}
		},
		{
			"name": "log",
			"from": [1, 0.5, 0],
			"to": [1.5, 4, 0.5],
			"rotation": {"angle": 0, "axis": "y", "origin": [8, 0, 8]},
			"faces": {
				"north": {"uv": [16, 0, 14, 14], "texture": "#1", "cullface": "west"},
				"east": {"uv": [16, 0, 14, 14], "texture": "#1", "cullface": "west"},
				"west": {"uv": [0, 4, 0.5, 7.5], "texture": "#0"},
				"up": {"uv": [0.5, 4, 0, 3.5], "rotation": 90, "texture": "#0"}
			}
		},
		{
			"name": "log",
			"from": [1, 0, 0],
			"to": [4.5, 0.5, 0.5],
			"rotation": {"angle": 0, "axis": "y", "origin": [8, 0, 8]},
			"faces": {
				"north": {"uv": [16, 14, 2, 16], "texture": "#1", "cullface": "west"},
				"west": {"uv": [0, 7.5, 0.5, 8], "texture": "#0"},
				"up": {"uv": [2, 16, 16, 14], "texture": "#1", "cullface": "west"},
				"down": {"uv": [0.5, 11.5, 0, 8], "rotation": 90, "texture": "#0"}
			}
		}
	],
	"display": {
		"head": {
			"translation": [0, 10.5, 0]
		}
	},
	"groups": [
		0,
		1,
		2,
		{
			"name": "log1",
			"origin": [0, 0, 0],
			"color": 0,
			"children": [3, 4, 5, 6, 7, 8, 9, 10, 11, 12, 13]
		},
		{
			"name": "log2",
			"origin": [0, 0, 0],
			"color": 0,
			"children": [14, 15, 16, 17, 18, 19, 20, 21, 22, 23, 24]
		},
		{
			"name": "log3",
			"origin": [0, 0, 0],
			"color": 0,
			"children": [25, 26, 27, 28, 29, 30, 31, 32, 33, 34, 35]
		},
		{
			"name": "log4",
			"origin": [0, 0, 0],
			"color": 0,
			"children": [36, 37, 38, 39, 40, 41, 42, 43, 44, 45, 46]
		}
	]
}