{
	"credit": "Made with Blockbench",
	"parent": "block/block",
	"ambientocclusion": false,
	"textures": {
		"bottom": "block/cactus_bottom",
		"top": "block/cactus_top",
		"particle": "block/cactus_side",
		"side": "block/cactus_side"
	},
	"elements": [
		{
			"name": "cactus",
			"from": [1, 0, 0.5],
			"to": [1, 16, 15.5],
			"rotation": {"angle": 0, "axis": "y", "origin": [8, 8, 8]},
			"faces": {
				"east": {"uv": [15.5, 0, 0.5, 16], "texture": "#side"},
				"west": {"uv": [0.5, 0, 15.5, 16], "texture": "#side"}
			}
		},
		{
			"name": "cactus",
			"from": [0.5, 0, 1],
			"to": [15.5, 16, 1],
			"rotation": {"angle": 0, "axis": "y", "origin": [8, 8, 8]},
			"faces": {
				"north": {"uv": [0.5, 0, 15.5, 16], "texture": "#side"},
				"south": {"uv": [15.5, 0, 0.5, 16], "texture": "#side"}
			}
		},
		{
			"name": "cactus",
			"from": [0.5, 0, 15],
			"to": [15.5, 16, 15],
			"rotation": {"angle": 0, "axis": "y", "origin": [8, 8, 8]},
			"faces": {
				"north": {"uv": [15.5, 0, 0.5, 16], "texture": "#side"},
				"south": {"uv": [0.5, 0, 15.5, 16], "texture": "#side"}
			}
		},
		{
			"name": "cactus",
			"from": [1, 0, 1],
			"to": [15, 16, 15],
			"rotation": {"angle": 0, "axis": "y", "origin": [8, 8, 8]},
			"faces": {
				"up": {"uv": [1, 1, 15, 15], "texture": "#top", "cullface": "up"},
				"down": {"uv": [1, 1, 15, 15], "texture": "#bottom", "cullface": "down"}
			}
		},
		{
			"name": "cactus",
			"from": [15, 0, 0.5],
			"to": [15, 16, 15.5],
			"rotation": {"angle": 0, "axis": "y", "origin": [8, 8, 8]},
			"faces": {
				"east": {"uv": [0.5, 0, 15.5, 16], "texture": "#side"},
				"west": {"uv": [15.5, 0, 0.5, 16], "texture": "#side"}
			}
		}
	]
}