{
	"variants": {
  "persistent=true":
  
	  [{"model":"block/leaves/living/bushy/flowering_azalea"},
	  {"model":"block/leaves/living/bushy_alt/flowering_azalea"},
	  {"model":"block/leaves/living/bushy/flowering_azalea1"},
	  {"model":"block/leaves/living/bushy_alt/flowering_azalea1"},
	  {"model":"block/leaves/living/bushy/flowering_azalea2"},
	  {"model":"block/leaves/living/bushy_alt/flowering_azalea2"},
	  {"model":"block/leaves/living/bushy/flowering_azalea3"},
	  {"model":"block/leaves/living/bushy_alt/flowering_azalea3"},
	  {"model":"block/leaves/living/bushy/flowering_azalea4"},
	  {"model":"block/leaves/living/bushy_alt/flowering_azalea4"},
	  {"model":"block/leaves/living/bushy/flowering_azalea5"},
	  {"model":"block/leaves/living/bushy_alt/flowering_azalea5"},
	  {"model":"block/leaves/living/bushy/flowering_azalea6"},
	  {"model":"block/leaves/living/bushy_alt/flowering_azalea6"}],
  
  "persistent=false,distance=7":
  
	  [{"model":"block/leaves/dead/bushy/flowering_azalea"},
	  {"model":"block/leaves/dead/bushy_alt/flowering_azalea"},
	  {"model":"block/leaves/dead/bushy/flowering_azalea1"},
	  {"model":"block/leaves/dead/bushy_alt/flowering_azalea1"},
	  {"model":"block/leaves/dead/bushy/flowering_azalea2"},
	  {"model":"block/leaves/dead/bushy_alt/flowering_azalea2"},
	  {"model":"block/leaves/dead/bushy/flowering_azalea3"},
	  {"model":"block/leaves/dead/bushy_alt/flowering_azalea3"},
	  {"model":"block/leaves/dead/bushy/flowering_azalea4"},
	  {"model":"block/leaves/dead/bushy_alt/flowering_azalea4"},
	  {"model":"block/leaves/dead/bushy/flowering_azalea5"},
	  {"model":"block/leaves/dead/bushy_alt/flowering_azalea5"},
	  {"model":"block/leaves/dead/bushy/flowering_azalea6"},
	  {"model":"block/leaves/dead/bushy_alt/flowering_azalea6"}],
  
  "persistent=false,distance=1":
  
	  [{"model":"block/leaves/living/bushy/flowering_azalea"},
	  {"model":"block/leaves/living/bushy_alt/flowering_azalea"},
	  {"model":"block/leaves/living/bushy/flowering_azalea1"},
	  {"model":"block/leaves/living/bushy_alt/flowering_azalea1"},
	  {"model":"block/leaves/living/bushy/flowering_azalea2"},
	  {"model":"block/leaves/living/bushy_alt/flowering_azalea2"},
	  {"model":"block/leaves/living/bushy/flowering_azalea3"},
	  {"model":"block/leaves/living/bushy_alt/flowering_azalea3"},
	  {"model":"block/leaves/living/bushy/flowering_azalea4"},
	  {"model":"block/leaves/living/bushy_alt/flowering_azalea4"},
	  {"model":"block/leaves/living/bushy/flowering_azalea5"},
	  {"model":"block/leaves/living/bushy_alt/flowering_azalea5"},
	  {"model":"block/leaves/living/bushy/flowering_azalea6"},
	  {"model":"block/leaves/living/bushy_alt/flowering_azalea6"}],
  
  "persistent=false,distance=2":
  
	  [{"model":"block/leaves/living/bushy/flowering_azalea"},
	  {"model":"block/leaves/living/bushy_alt/flowering_azalea"},
	  {"model":"block/leaves/living/bushy/flowering_azalea1"},
	  {"model":"block/leaves/living/bushy_alt/flowering_azalea1"},
	  {"model":"block/leaves/living/bushy/flowering_azalea2"},
	  {"model":"block/leaves/living/bushy_alt/flowering_azalea2"},
	  {"model":"block/leaves/living/bushy/flowering_azalea3"},
	  {"model":"block/leaves/living/bushy_alt/flowering_azalea3"},
	  {"model":"block/leaves/living/bushy/flowering_azalea4"},
	  {"model":"block/leaves/living/bushy_alt/flowering_azalea4"},
	  {"model":"block/leaves/living/bushy/flowering_azalea5"},
	  {"model":"block/leaves/living/bushy_alt/flowering_azalea5"},
	  {"model":"block/leaves/living/bushy/flowering_azalea6"},
	  {"model":"block/leaves/living/bushy_alt/flowering_azalea6"}],
  
  "persistent=false,distance=3":
  
	  [{"model":"block/leaves/living/bushy/flowering_azalea"},
	  {"model":"block/leaves/living/bushy_alt/flowering_azalea"},
	  {"model":"block/leaves/living/bushy/flowering_azalea1"},
	  {"model":"block/leaves/living/bushy_alt/flowering_azalea1"},
	  {"model":"block/leaves/living/bushy/flowering_azalea2"},
	  {"model":"block/leaves/living/bushy_alt/flowering_azalea2"},
	  {"model":"block/leaves/living/bushy/flowering_azalea3"},
	  {"model":"block/leaves/living/bushy_alt/flowering_azalea3"},
	  {"model":"block/leaves/living/bushy/flowering_azalea4"},
	  {"model":"block/leaves/living/bushy_alt/flowering_azalea4"},
	  {"model":"block/leaves/living/bushy/flowering_azalea5"},
	  {"model":"block/leaves/living/bushy_alt/flowering_azalea5"},
	  {"model":"block/leaves/living/bushy/flowering_azalea6"},
	  {"model":"block/leaves/living/bushy_alt/flowering_azalea6"}],
  
  "persistent=false,distance=4":
  
	  [{"model":"block/leaves/living/bushy/flowering_azalea"},
	  {"model":"block/leaves/living/bushy_alt/flowering_azalea"},
	  {"model":"block/leaves/living/bushy/flowering_azalea1"},
	  {"model":"block/leaves/living/bushy_alt/flowering_azalea1"},
	  {"model":"block/leaves/living/bushy/flowering_azalea2"},
	  {"model":"block/leaves/living/bushy_alt/flowering_azalea2"},
	  {"model":"block/leaves/living/bushy/flowering_azalea3"},
	  {"model":"block/leaves/living/bushy_alt/flowering_azalea3"},
	  {"model":"block/leaves/living/bushy/flowering_azalea4"},
	  {"model":"block/leaves/living/bushy_alt/flowering_azalea4"},
	  {"model":"block/leaves/living/bushy/flowering_azalea5"},
	  {"model":"block/leaves/living/bushy_alt/flowering_azalea5"},
	  {"model":"block/leaves/living/bushy/flowering_azalea6"},
	  {"model":"block/leaves/living/bushy_alt/flowering_azalea6"}],
  
  "persistent=false,distance=5":
  
	  [{"model":"block/leaves/living/bushy/flowering_azalea"},
	  {"model":"block/leaves/living/bushy_alt/flowering_azalea"},
	  {"model":"block/leaves/living/bushy/flowering_azalea1"},
	  {"model":"block/leaves/living/bushy_alt/flowering_azalea1"},
	  {"model":"block/leaves/living/bushy/flowering_azalea2"},
	  {"model":"block/leaves/living/bushy_alt/flowering_azalea2"},
	  {"model":"block/leaves/living/bushy/flowering_azalea3"},
	  {"model":"block/leaves/living/bushy_alt/flowering_azalea3"},
	  {"model":"block/leaves/living/bushy/flowering_azalea4"},
	  {"model":"block/leaves/living/bushy_alt/flowering_azalea4"},
	  {"model":"block/leaves/living/bushy/flowering_azalea5"},
	  {"model":"block/leaves/living/bushy_alt/flowering_azalea5"},
	  {"model":"block/leaves/living/bushy/flowering_azalea6"},
	  {"model":"block/leaves/living/bushy_alt/flowering_azalea6"}],
  
  "persistent=false,distance=6":
  
	  [{"model":"block/leaves/living/bushy/flowering_azalea"},
	  {"model":"block/leaves/living/bushy_alt/flowering_azalea"},
	  {"model":"block/leaves/living/bushy/flowering_azalea1"},
	  {"model":"block/leaves/living/bushy_alt/flowering_azalea1"},
	  {"model":"block/leaves/living/bushy/flowering_azalea2"},
	  {"model":"block/leaves/living/bushy_alt/flowering_azalea2"},
	  {"model":"block/leaves/living/bushy/flowering_azalea3"},
	  {"model":"block/leaves/living/bushy_alt/flowering_azalea3"},
	  {"model":"block/leaves/living/bushy/flowering_azalea4"},
	  {"model":"block/leaves/living/bushy_alt/flowering_azalea4"},
	  {"model":"block/leaves/living/bushy/flowering_azalea5"},
	  {"model":"block/leaves/living/bushy_alt/flowering_azalea5"},
	  {"model":"block/leaves/living/bushy/flowering_azalea6"},
	  {"model":"block/leaves/living/bushy_alt/flowering_azalea6"}]
		  }
  }