{
    "variants": {
        "": [
    {"model": "block/azaela_plant/bushy/flowering_azalea" },
	{"model": "block/azaela_plant/bushy/flowering_azalea1" },
	{"model": "block/azaela_plant/bushy/flowering_azalea2" },
	{"model": "block/azaela_plant/bushy/flowering_azalea3" },
	{"model": "block/azaela_plant/bushy/flowering_azalea4" },
	{"model": "block/azaela_plant/bushy/flowering_azalea5" },
	{"model": "block/azaela_plant/bushy/flowering_azalea6" },
	{"model": "block/azaela_plant/bushy_alt/flowering_azalea" },
	{"model": "block/azaela_plant/bushy_alt/flowering_azalea1" },
	{"model": "block/azaela_plant/bushy_alt/flowering_azalea2" },
	{"model": "block/azaela_plant/bushy_alt/flowering_azalea3" },
	{"model": "block/azaela_plant/bushy_alt/flowering_azalea4" },
	{"model": "block/azaela_plant/bushy_alt/flowering_azalea5" },
	{"model": "block/azaela_plant/bushy_alt/flowering_azalea6" }
        ]
    }
}