{
	"variants": {
  "persistent=true":
  
	  [{"model":"block/leaves/living/bushy/jungle","weight":100},
	  {"model":"block/leaves/living/bushy_alt/jungle","weight":100},
	  {"model":"block/leaves/living/bushy/jungle1","weight":40},
	  {"model":"block/leaves/living/bushy_alt/jungle1","weight":40}],
  
  "persistent=false,distance=7":
  
	  [{"model":"block/leaves/dead/bushy/jungle","weight":100},
	  {"model":"block/leaves/dead/bushy_alt/jungle","weight":100},
	  {"model":"block/leaves/dead/bushy/jungle1","weight":40},
	  {"model":"block/leaves/dead/bushy_alt/jungle1","weight":40}],
  
  "persistent=false,distance=1":
  
  [{"model":"block/leaves/dead/bushy/jungle","weight":100},
	{"model":"block/leaves/dead/bushy_alt/jungle","weight":100},
	{"model":"block/leaves/dead/bushy/jungle1","weight":40},
	{"model":"block/leaves/dead/bushy_alt/jungle1","weight":40}],
  
  "persistent=false,distance=2":
  
  [{"model":"block/leaves/dead/bushy/jungle","weight":100},
	{"model":"block/leaves/dead/bushy_alt/jungle","weight":100},
	{"model":"block/leaves/dead/bushy/jungle1","weight":40},
	{"model":"block/leaves/dead/bushy_alt/jungle1","weight":40}],
  
  "persistent=false,distance=3":
  
  [{"model":"block/leaves/dead/bushy/jungle","weight":100},
	{"model":"block/leaves/dead/bushy_alt/jungle","weight":100},
	{"model":"block/leaves/dead/bushy/jungle1","weight":40},
	{"model":"block/leaves/dead/bushy_alt/jungle1","weight":40}],
  
  "persistent=false,distance=4":
  
  [{"model":"block/leaves/dead/bushy/jungle","weight":100},
	{"model":"block/leaves/dead/bushy_alt/jungle","weight":100},
	{"model":"block/leaves/dead/bushy/jungle1","weight":40},
	{"model":"block/leaves/dead/bushy_alt/jungle1","weight":40}],
  
  "persistent=false,distance=5":
  
  [{"model":"block/leaves/dead/bushy/jungle","weight":100},
	{"model":"block/leaves/dead/bushy_alt/jungle","weight":100},
	{"model":"block/leaves/dead/bushy/jungle1","weight":40},
	{"model":"block/leaves/dead/bushy_alt/jungle1","weight":40}],
  
  "persistent=false,distance=6":
  
  [{"model":"block/leaves/dead/bushy/jungle","weight":100},
	{"model":"block/leaves/dead/bushy_alt/jungle","weight":100},
	{"model":"block/leaves/dead/bushy/jungle1","weight":40},
	{"model":"block/leaves/dead/bushy_alt/jungle1","weight":40}]
		  }
  }