{
	"variants": {
  "persistent=true":
  
	  [{"model":"block/leaves/living/bushy/mangrove"},
	  {"model":"block/leaves/living/bushy_alt/mangrove"}],
  
  "persistent=false,distance=7":
  
	  [{"model":"block/leaves/dead/bushy/mangrove"},
	  {"model":"block/leaves/dead/bushy_alt/mangrove"}],
  
  "persistent=false,distance=1":
  
	  [{"model":"block/leaves/living/bushy/mangrove"},
	  {"model":"block/leaves/living/bushy_alt/mangrove"}],
  
  "persistent=false,distance=2":
  
	  [{"model":"block/leaves/living/bushy/mangrove"},
	  {"model":"block/leaves/living/bushy_alt/mangrove"}],
  
  "persistent=false,distance=3":
  
	  [{"model":"block/leaves/living/bushy/mangrove"},
	  {"model":"block/leaves/living/bushy_alt/mangrove"}],
  
  "persistent=false,distance=4":
  
	  [{"model":"block/leaves/living/bushy/mangrove"},
	  {"model":"block/leaves/living/bushy_alt/mangrove"}],
  
  "persistent=false,distance=5":
  
	  [{"model":"block/leaves/living/bushy/mangrove"},
	  {"model":"block/leaves/living/bushy_alt/mangrove"}],
  
  "persistent=false,distance=6":
  
	  [{"model":"block/leaves/living/bushy/mangrove"},
	  {"model":"block/leaves/living/bushy_alt/mangrove"}]
		  }
  }