{
  "variants": {
"persistent=true":

	[{"model":"block/leaves/living/bushy/oak","weight":100},
    {"model":"block/leaves/living/bushy_alt/oak","weight":100},
	{"model":"block/leaves/living/bushy/oak1","weight":1,"weight":1},
    {"model":"block/leaves/living/bushy_alt/oak1","weight":1},
	{"model":"block/leaves/living/bushy/oak2","weight":1},
    {"model":"block/leaves/living/bushy_alt/oak2","weight":1},
	{"model":"block/leaves/living/bushy/oak3","weight":1},
    {"model":"block/leaves/living/bushy_alt/oak3","weight":1},
	{"model":"block/leaves/living/bushy/oak4","weight":1},
    {"model":"block/leaves/living/bushy_alt/oak4","weight":1},
	{"model":"block/leaves/living/bushy/oak5","weight":1},
    {"model":"block/leaves/living/bushy_alt/oak5","weight":1},
	{"model":"block/leaves/living/bushy/oak6","weight":1},
    {"model":"block/leaves/living/bushy_alt/oak6","weight":1},
	{"model":"block/leaves/living/bushy/oak7","weight":1},
    {"model":"block/leaves/living/bushy_alt/oak7","weight":1},
	{"model":"block/leaves/living/bushy/oak8","weight":1},
    {"model":"block/leaves/living/bushy_alt/oak8","weight":1}],

"persistent=false,distance=7":

	[{"model":"block/leaves/dead/bushy/oak","weight":100},
	{"model":"block/leaves/dead/bushy_alt/oak","weight":100},
	{"model":"block/leaves/dead/bushy/oak1","weight":1},
	{"model":"block/leaves/dead/bushy_alt/oak1","weight":1},
	{"model":"block/leaves/dead/bushy/oak2","weight":1},
	{"model":"block/leaves/dead/bushy_alt/oak2","weight":1},
	{"model":"block/leaves/dead/bushy/oak3","weight":1},
	{"model":"block/leaves/dead/bushy_alt/oak3","weight":1},
	{"model":"block/leaves/dead/bushy/oak4","weight":1},
	{"model":"block/leaves/dead/bushy_alt/oak4","weight":1},
	{"model":"block/leaves/dead/bushy/oak5","weight":1},
	{"model":"block/leaves/dead/bushy_alt/oak5","weight":1},
	{"model":"block/leaves/dead/bushy/oak6","weight":1},
	{"model":"block/leaves/dead/bushy_alt/oak6","weight":1},
	{"model":"block/leaves/dead/bushy/oak7","weight":1},
	{"model":"block/leaves/dead/bushy_alt/oak7","weight":1},
	{"model":"block/leaves/dead/bushy/oak8","weight":1},
	{"model":"block/leaves/dead/bushy_alt/oak8","weight":1}],

"persistent=false,distance=1":

	[{"model":"block/leaves/living/bushy/oak","weight":100},
	{"model":"block/leaves/living/bushy_alt/oak","weight":100},
	{"model":"block/leaves/living/bushy/oak1","weight":1},
	{"model":"block/leaves/living/bushy_alt/oak1","weight":1},
	{"model":"block/leaves/living/bushy/oak2","weight":1},
	{"model":"block/leaves/living/bushy_alt/oak2","weight":1},
	{"model":"block/leaves/living/bushy/oak3","weight":1},
	{"model":"block/leaves/living/bushy_alt/oak3","weight":1},
	{"model":"block/leaves/living/bushy/oak4","weight":1},
	{"model":"block/leaves/living/bushy_alt/oak4","weight":1},
	{"model":"block/leaves/living/bushy/oak5","weight":1},
	{"model":"block/leaves/living/bushy_alt/oak5","weight":1},
	{"model":"block/leaves/living/bushy/oak6","weight":1},
	{"model":"block/leaves/living/bushy_alt/oak6","weight":1},
	{"model":"block/leaves/living/bushy/oak7","weight":1},
	{"model":"block/leaves/living/bushy_alt/oak7","weight":1},
	{"model":"block/leaves/living/bushy/oak8","weight":1},
	{"model":"block/leaves/living/bushy_alt/oak8","weight":1}],

"persistent=false,distance=2":

	[{"model":"block/leaves/living/bushy/oak","weight":100},
	{"model":"block/leaves/living/bushy_alt/oak","weight":100},
	{"model":"block/leaves/living/bushy/oak1","weight":1},
	{"model":"block/leaves/living/bushy_alt/oak1","weight":1},
	{"model":"block/leaves/living/bushy/oak2","weight":1},
	{"model":"block/leaves/living/bushy_alt/oak2","weight":1},
	{"model":"block/leaves/living/bushy/oak3","weight":1},
	{"model":"block/leaves/living/bushy_alt/oak3","weight":1},
	{"model":"block/leaves/living/bushy/oak4","weight":1},
	{"model":"block/leaves/living/bushy_alt/oak4","weight":1},
	{"model":"block/leaves/living/bushy/oak5","weight":1},
	{"model":"block/leaves/living/bushy_alt/oak5","weight":1},
	{"model":"block/leaves/living/bushy/oak6","weight":1},
	{"model":"block/leaves/living/bushy_alt/oak6","weight":1},
	{"model":"block/leaves/living/bushy/oak7","weight":1},
	{"model":"block/leaves/living/bushy_alt/oak7","weight":1},
	{"model":"block/leaves/living/bushy/oak8","weight":1},
	{"model":"block/leaves/living/bushy_alt/oak8","weight":1}],

"persistent=false,distance=3":

	[{"model":"block/leaves/living/bushy/oak","weight":100},
	{"model":"block/leaves/living/bushy_alt/oak","weight":100},
	{"model":"block/leaves/living/bushy/oak1","weight":1},
	{"model":"block/leaves/living/bushy_alt/oak1","weight":1},
	{"model":"block/leaves/living/bushy/oak2","weight":1},
	{"model":"block/leaves/living/bushy_alt/oak2","weight":1},
	{"model":"block/leaves/living/bushy/oak3","weight":1},
	{"model":"block/leaves/living/bushy_alt/oak3","weight":1},
	{"model":"block/leaves/living/bushy/oak4","weight":1},
	{"model":"block/leaves/living/bushy_alt/oak4","weight":1},
	{"model":"block/leaves/living/bushy/oak5","weight":1},
	{"model":"block/leaves/living/bushy_alt/oak5","weight":1},
	{"model":"block/leaves/living/bushy/oak6","weight":1},
	{"model":"block/leaves/living/bushy_alt/oak6","weight":1},
	{"model":"block/leaves/living/bushy/oak7","weight":1},
	{"model":"block/leaves/living/bushy_alt/oak7","weight":1},
	{"model":"block/leaves/living/bushy/oak8","weight":1},
	{"model":"block/leaves/living/bushy_alt/oak8","weight":1}],

"persistent=false,distance=4":

	[{"model":"block/leaves/living/bushy/oak","weight":100},
	{"model":"block/leaves/living/bushy_alt/oak","weight":100},
	{"model":"block/leaves/living/bushy/oak1","weight":1},
	{"model":"block/leaves/living/bushy_alt/oak1","weight":1},
	{"model":"block/leaves/living/bushy/oak2","weight":1},
	{"model":"block/leaves/living/bushy_alt/oak2","weight":1},
	{"model":"block/leaves/living/bushy/oak3","weight":1},
	{"model":"block/leaves/living/bushy_alt/oak3","weight":1},
	{"model":"block/leaves/living/bushy/oak4","weight":1},
	{"model":"block/leaves/living/bushy_alt/oak4","weight":1},
	{"model":"block/leaves/living/bushy/oak5","weight":1},
	{"model":"block/leaves/living/bushy_alt/oak5","weight":1},
	{"model":"block/leaves/living/bushy/oak6","weight":1},
	{"model":"block/leaves/living/bushy_alt/oak6","weight":1},
	{"model":"block/leaves/living/bushy/oak7","weight":1},
	{"model":"block/leaves/living/bushy_alt/oak7","weight":1},
	{"model":"block/leaves/living/bushy/oak8","weight":1},
	{"model":"block/leaves/living/bushy_alt/oak8","weight":1}],

"persistent=false,distance=5":

	[{"model":"block/leaves/living/bushy/oak","weight":100},
	{"model":"block/leaves/living/bushy_alt/oak","weight":100},
	{"model":"block/leaves/living/bushy/oak1","weight":1},
	{"model":"block/leaves/living/bushy_alt/oak1","weight":1},
	{"model":"block/leaves/living/bushy/oak2","weight":1},
	{"model":"block/leaves/living/bushy_alt/oak2","weight":1},
	{"model":"block/leaves/living/bushy/oak3","weight":1},
	{"model":"block/leaves/living/bushy_alt/oak3","weight":1},
	{"model":"block/leaves/living/bushy/oak4","weight":1},
	{"model":"block/leaves/living/bushy_alt/oak4","weight":1},
	{"model":"block/leaves/living/bushy/oak5","weight":1},
	{"model":"block/leaves/living/bushy_alt/oak5","weight":1},
	{"model":"block/leaves/living/bushy/oak6","weight":1},
	{"model":"block/leaves/living/bushy_alt/oak6","weight":1},
	{"model":"block/leaves/living/bushy/oak7","weight":1},
	{"model":"block/leaves/living/bushy_alt/oak7","weight":1},
	{"model":"block/leaves/living/bushy/oak8","weight":1},
	{"model":"block/leaves/living/bushy_alt/oak8","weight":1}],

"persistent=false,distance=6":

	[{"model":"block/leaves/living/bushy/oak","weight":100},
	{"model":"block/leaves/living/bushy_alt/oak","weight":100},
	{"model":"block/leaves/living/bushy/oak1","weight":1},
	{"model":"block/leaves/living/bushy_alt/oak1","weight":1},
	{"model":"block/leaves/living/bushy/oak2","weight":1},
	{"model":"block/leaves/living/bushy_alt/oak2","weight":1},
	{"model":"block/leaves/living/bushy/oak3","weight":1},
	{"model":"block/leaves/living/bushy_alt/oak3","weight":1},
	{"model":"block/leaves/living/bushy/oak4","weight":1},
	{"model":"block/leaves/living/bushy_alt/oak4","weight":1},
	{"model":"block/leaves/living/bushy/oak5","weight":1},
	{"model":"block/leaves/living/bushy_alt/oak5","weight":1},
	{"model":"block/leaves/living/bushy/oak6","weight":1},
	{"model":"block/leaves/living/bushy_alt/oak6","weight":1},
	{"model":"block/leaves/living/bushy/oak7","weight":1},
	{"model":"block/leaves/living/bushy_alt/oak7","weight":1},
	{"model":"block/leaves/living/bushy/oak8","weight":1},
	{"model":"block/leaves/living/bushy_alt/oak8","weight":1}]
		}
}