{
    "variants": {
        "": [
            {"model": "block/azaela_plant/bushy/potted/flowering_azalea_bush" },
	{"model": "block/azaela_plant/bushy/potted/flowering_azalea_bush1" },
	{"model": "block/azaela_plant/bushy/potted/flowering_azalea_bush2" },
	{"model": "block/azaela_plant/bushy/potted/flowering_azalea_bush3" },
	{"model": "block/azaela_plant/bushy/potted/flowering_azalea_bush4" },
	{"model": "block/azaela_plant/bushy/potted/flowering_azalea_bush5" },
	{"model": "block/azaela_plant/bushy/potted/flowering_azalea_bush6" },
	{"model": "block/azaela_plant/bushy_alt/potted/flowering_azalea_bush" },
	{"model": "block/azaela_plant/bushy_alt/potted/flowering_azalea_bush1" },
	{"model": "block/azaela_plant/bushy_alt/potted/flowering_azalea_bush2" },
	{"model": "block/azaela_plant/bushy_alt/potted/flowering_azalea_bush3" },
	{"model": "block/azaela_plant/bushy_alt/potted/flowering_azalea_bush4" },
	{"model": "block/azaela_plant/bushy_alt/potted/flowering_azalea_bush5" },
	{"model": "block/azaela_plant/bushy_alt/potted/flowering_azalea_bush6" }
        ]
    }
}