{
	"credit": "Made with Blockbench",
	"parent": "block/block",
	"textures": {
		"particle": "#0",
		"1_3": "block/leaves/branch"
	},
	"elements": [
		{
			"name": "leaves",
			"from": [0, 0, 0],
			"to": [16, 16, 16],
			"faces": {
				"north": {"uv": [0, 0, 16, 16], "texture": "#0", "tintindex": 0},
				"east": {"uv": [0, 0, 16, 16], "texture": "#0", "tintindex": 0},
				"south": {"uv": [0, 0, 16, 16], "texture": "#0", "tintindex": 0},
				"west": {"uv": [0, 0, 16, 16], "texture": "#0", "tintindex": 0},
				"up": {"uv": [0, 0, 16, 16], "texture": "#0", "tintindex": 0},
				"down": {"uv": [0, 0, 16, 16], "texture": "#0", "tintindex": 0}
			}
		},
		{
			"name": "leaves",
			"from": [15.9, 0.1, 0.1],
			"to": [0.1, 15.9, 15.9],
			"faces": {
				"north": {"uv": [16, 0, 0, 16], "texture": "#0", "tintindex": 0},
				"east": {"uv": [16, 0, 0, 16], "texture": "#0", "tintindex": 0},
				"south": {"uv": [16, 0, 0, 16], "texture": "#0", "tintindex": 0},
				"west": {"uv": [16, 0, 0, 16], "texture": "#0", "tintindex": 0},
				"up": {"uv": [16, 0, 0, 16], "texture": "#0", "tintindex": 0},
				"down": {"uv": [16, 0, 0, 16], "texture": "#0", "tintindex": 0}
			}
		},
		{
			"name": "bushy",
			"from": [-8, -8, 8],
			"to": [24, 24, 8],
			"shade": false,
			"rotation": {"angle": -22.5, "axis": "y", "origin": [8, 8, 8]},
			"faces": {
				"north": {"uv": [0, 0, 16, 16], "texture": "#1", "tintindex": 0},
				"south": {"uv": [16, 0, 0, 16], "texture": "#1", "tintindex": 0}
			}
		},
		{
			"name": "bushy",
			"from": [8, -8, -8],
			"to": [8, 24, 24],
			"shade": false,
			"rotation": {"angle": -22.5, "axis": "y", "origin": [8, 8, 8]},
			"faces": {
				"east": {"uv": [0, 0, 16, 16], "texture": "#1", "tintindex": 0},
				"west": {"uv": [16, 0, 0, 16], "texture": "#1", "tintindex": 0}
			}
		},
		{
			"name": "overlay",
			"from": [0, 0, 0],
			"to": [16, 16, 16],
			"faces": {
				"north": {"uv": [0, 0, 16, 16], "texture": "#2"},
				"east": {"uv": [0, 0, 16, 16], "texture": "#2"},
				"south": {"uv": [0, 0, 16, 16], "texture": "#2"},
				"west": {"uv": [0, 0, 16, 16], "texture": "#2"},
				"up": {"uv": [0, 0, 16, 16], "texture": "#2"},
				"down": {"uv": [0, 0, 16, 16], "texture": "#2"}
			}
		},
		{
			"name": "overlay",
			"from": [15.9, 0.1, 0.1],
			"to": [0.1, 15.9, 15.9],
			"faces": {
				"north": {"uv": [16, 0, 0, 16], "texture": "#2"},
				"east": {"uv": [16, 0, 0, 16], "texture": "#2"},
				"south": {"uv": [16, 0, 0, 16], "texture": "#2"},
				"west": {"uv": [16, 0, 0, 16], "texture": "#2"},
				"up": {"uv": [16, 0, 0, 16], "texture": "#2"},
				"down": {"uv": [16, 0, 0, 16], "texture": "#2"}
			}
		},
		{
			"name": "overlay",
			"from": [8, -8, -8],
			"to": [8, 24, 24],
			"shade": false,
			"rotation": {"angle": -22.5, "axis": "y", "origin": [8, 8, 8]},
			"faces": {
				"east": {"uv": [0, 0, 16, 16], "texture": "#3"},
				"west": {"uv": [16, 0, 0, 16], "texture": "#3"}
			}
		},
		{
			"name": "overlay",
			"from": [-8, -8, 8],
			"to": [24, 24, 8],
			"shade": false,
			"rotation": {"angle": -22.5, "axis": "y", "origin": [8, 8, 8]},
			"faces": {
				"north": {"uv": [0, 0, 16, 16], "texture": "#3"},
				"south": {"uv": [16, 0, 0, 16], "texture": "#3"}
			}
		},
		{
			"name": "branch",
			"from": [1, 1, 8],
			"to": [15, 15, 8],
			"rotation": {"angle": 45, "axis": "x", "origin": [8, 8, 8]},
			"faces": {
				"north": {"uv": [15, 1, 1, 15], "texture": "#1_3"},
				"south": {"uv": [1, 1, 15, 15], "texture": "#1_3"}
			}
		},
		{
			"name": "branch",
			"from": [1, 1, 8],
			"to": [15, 15, 8],
			"rotation": {"angle": -45, "axis": "x", "origin": [8, 8, 8]},
			"faces": {
				"north": {"uv": [15, 1, 1, 15], "texture": "#1_3"},
				"south": {"uv": [1, 1, 15, 15], "texture": "#1_3"}
			}
		},
		{
			"name": "branch",
			"from": [1, 1, 8],
			"to": [15, 15, 8],
			"rotation": {"angle": -45, "axis": "y", "origin": [8, 8, 8]},
			"faces": {
				"north": {"uv": [15, 1, 1, 15], "rotation": 90, "texture": "#1_3"},
				"south": {"uv": [1, 1, 15, 15], "rotation": 270, "texture": "#1_3"}
			}
		},
		{
			"name": "branch",
			"from": [1, 1, 8],
			"to": [15, 15, 8],
			"rotation": {"angle": 45, "axis": "y", "origin": [8, 8, 8]},
			"faces": {
				"north": {"uv": [15, 1, 1, 15], "rotation": 90, "texture": "#1_3"},
				"south": {"uv": [1, 1, 15, 15], "rotation": 270, "texture": "#1_3"}
			}
		}
	],
	"display": {
		"gui": {
			"rotation": [30, 225, 0],
			"scale": [0.575, 0.575, 0.575]
		}
	}
}