{
	"credit": "Made with Blockbench",
	"ambientocclusion": false,
	"textures": {
		"3": "block/hopper_bottom",
		"4": "block/hopper_bottom2",
		"5": "block/hopper_outside_arrows",
		"top": "block/hopper_top",
		"particle": "block/hopper_outside",
		"side": "block/hopper_outside",
		"inside": "block/hopper_inside_directional"
	},
	"elements": [
		{
			"from": [0, 10, 0],
			"to": [16, 11, 16],
			"faces": {
				"north": {"uv": [0, 5, 16, 6], "texture": "#side", "cullface": "north"},
				"east": {"uv": [0, 5, 16, 6], "texture": "#5", "cullface": "east"},
				"south": {"uv": [0, 5, 16, 6], "texture": "#side", "cullface": "south"},
				"west": {"uv": [0, 5, 16, 6], "texture": "#5", "cullface": "west"},
				"up": {"uv": [0, 0, 16, 16], "texture": "#inside"},
				"down": {"uv": [0, 0, 16, 16], "texture": "#3"}
			}
		},
		{
			"from": [0, 11, 0],
			"to": [2, 16, 16],
			"faces": {
				"north": {"uv": [14, 0, 16, 5], "texture": "#side", "cullface": "north"},
				"east": {"uv": [0, 0, 16, 5], "texture": "#side"},
				"south": {"uv": [0, 0, 2, 5], "texture": "#side", "cullface": "south"},
				"west": {"uv": [0, 0, 16, 5], "texture": "#5", "cullface": "west"},
				"up": {"uv": [0, 0, 2, 16], "texture": "#top", "cullface": "up"}
			}
		},
		{
			"from": [14, 11, 0],
			"to": [16, 16, 16],
			"faces": {
				"north": {"uv": [0, 0, 2, 5], "texture": "#side", "cullface": "north"},
				"east": {"uv": [0, 6, 16, 11], "texture": "#5", "cullface": "east"},
				"south": {"uv": [14, 0, 16, 5], "texture": "#side", "cullface": "south"},
				"west": {"uv": [0, 0, 16, 5], "texture": "#side"},
				"up": {"uv": [14, 0, 16, 16], "texture": "#top", "cullface": "up"}
			}
		},
		{
			"from": [2, 11, 0],
			"to": [14, 16, 2],
			"faces": {
				"north": {"uv": [2, 0, 14, 5], "texture": "#side", "cullface": "north"},
				"south": {"uv": [2, 0, 14, 5], "texture": "#side"},
				"up": {"uv": [2, 0, 14, 2], "texture": "#top", "cullface": "up"}
			}
		},
		{
			"from": [2, 11, 14],
			"to": [14, 16, 16],
			"faces": {
				"north": {"uv": [2, 0, 14, 5], "texture": "#side"},
				"south": {"uv": [2, 0, 14, 5], "texture": "#side", "cullface": "south"},
				"up": {"uv": [2, 14, 14, 16], "texture": "#top", "cullface": "up"}
			}
		},
		{
			"from": [4, 4, 4],
			"to": [12, 10, 12],
			"faces": {
				"north": {"uv": [4, 6, 12, 12], "texture": "#side"},
				"east": {"uv": [4, 6, 12, 12], "texture": "#side"},
				"south": {"uv": [4, 6, 12, 12], "texture": "#side"},
				"west": {"uv": [4, 6, 12, 12], "texture": "#side"},
				"down": {"uv": [0, 0, 16, 16], "texture": "#4"}
			}
		},
		{
			"from": [6, 4, 0],
			"to": [10, 8, 4],
			"faces": {
				"north": {"uv": [6, 6, 10, 10], "texture": "#3", "cullface": "north"},
				"east": {"uv": [14.5, 8, 10.5, 12], "texture": "#side"},
				"west": {"uv": [4.5, 8, 0.5, 12], "texture": "#side"},
				"up": {"uv": [6, 0.5, 10, 4.5], "texture": "#side"},
				"down": {"uv": [12, 7, 16, 11], "rotation": 90, "texture": "#side"}
			}
		},
		{
			"from": [7.5, 5.5, 3.5],
			"to": [8.5, 6.5, 4],
			"faces": {
				"north": {"uv": [7.5, 7.5, 8.5, 8.5], "texture": "#3"}
			}
		}
	]
}